schedule_date,schedule_season,schedule_week,schedule_playoff,team_home,score_home,score_away,team_away,team_favorite_id,spread_favorite,over_under_line,stadium,stadium_neutral,weather_temperature,weather_wind_mph,weather_humidity,weather_detail,home_margin,winner,home_is_favorite,spread_home,home_cover,gameday,home_team,away_team,spread_line,total_line,home_code,away_code,game_date_x,spread_norm,season,week_int,game_dt,spread_home_calc,game_date_y,home_elo,elo_post_x,away_elo,elo_post_y,elo_diff,p_home_cover,pick,pick_conf,pick_result
2025-09-04,2025,1,False,PHILADELPHIA EAGLES,24.0,20.0,DALLAS COWBOYS,PHI,-8.5,47.5,Lincoln Financial Field,False,75.0,11.0,66.0,,4.0,home,False,8.5,1,,,,,,PHI,DAL,2025-09-04,8.5,2025,1.0,2025-09-04 00:00:00+00:00,8.5,2025-09-04,1548.276537450383,1555.0593861773443,1493.3192716283934,1486.536422901432,54.95726582198972,0.9971521240138497,HOME,0.9971521240138497,True
2025-09-05,2025,1,False,LOS ANGELES CHARGERS,27.0,21.0,KANSAS CITY CHIEFS,KC,-3.0,46.5,Corinthians Arena,True,62.0,7.0,80.0,,6.0,home,False,-3.0,1,,,,,,LAC,KC,2025-09-05,,2025,1.0,2025-09-05 00:00:00+00:00,-3.0,2025-09-05,1509.935342861845,1523.1529695977006,1535.650810907764,1522.433184171908,-25.715468045919124,0.08490211280449778,AWAY,0.9150978871955022,False
2025-09-07,2025,1,False,ATLANTA FALCONS,20.0,23.0,TAMPA BAY BUCCANEERS,ATL,-1.0,47.0,Mercedes-Benz Stadium,False,72.0,0.0,,indoor,-3.0,away,False,-1.5,0,,,,,,ATL,TB,2025-09-07,,2025,1.0,2025-09-07 00:00:00+00:00,-1.5,2025-09-07,1491.3866149511798,1481.7349830885623,1506.9581065504008,1516.6097384130182,-15.571491599220963,0.20719191366866943,AWAY,0.7928080863313306,True
2025-09-07,2025,1,False,BUFFALO BILLS,41.0,40.0,BALTIMORE RAVENS,BAL,-1.5,50.5,Highmark Stadium,False,58.0,8.0,61.0,,1.0,home,False,-1.5,0,,,,,,BUF,BAL,2025-09-07,-1.5,2025,1.0,2025-09-07 00:00:00+00:00,-1.5,2025-09-07,1529.3013781833906,1532.9395786935563,1526.2186899158069,1522.5804894056412,3.0826882675837624,0.6370228145805858,HOME,0.6370228145805858,False
2025-09-07,2025,1,False,CLEVELAND BROWNS,16.0,17.0,CINCINNATI BENGALS,CIN,-5.0,48.0,Huntington Bank Field,False,63.0,10.0,49.0,,-1.0,away,False,-5.5,0,,,,,,CLE,CIN,2025-09-07,-5.5,2025,1.0,2025-09-07 00:00:00+00:00,-5.5,2025-09-07,1471.122171841176,1466.639786259619,1510.5098934657158,1514.9922790472726,-39.387721624539836,0.02245942455860042,AWAY,0.9775405754413996,True
2025-09-07,2025,1,False,DENVER BRONCOS,20.0,12.0,TENNESSEE TITANS,DEN,-9.0,42.5,Empower Field at Mile High,False,84.0,6.0,24.0,,8.0,home,False,8.5,1,,,,,,DEN,TEN,2025-09-07,8.5,2025,1.0,2025-09-07 00:00:00+00:00,8.5,2025-09-07,1504.290608918177,1513.6340759392892,1467.4278374494515,1458.0843704283393,36.86277146872544,0.9822082218681828,HOME,0.9822082218681828,True
2025-09-07,2025,1,False,GREEN BAY PACKERS,27.0,13.0,DETROIT LIONS,GB,-1.0,47.0,Lambeau Field,False,60.0,5.0,76.0,,14.0,home,False,1.5,1,,,,,,GB,DET,2025-09-07,,2025,1.0,2025-09-07 00:00:00+00:00,1.5,2025-09-07,1510.8745208936407,1522.1805469713431,1530.0876658143245,1518.781639736622,-19.213144920683817,0.15268296253172103,AWAY,0.847317037468279,False
2025-09-07,2025,1,False,INDIANAPOLIS COLTS,33.0,8.0,MIAMI DOLPHINS,PICK,0.0,46.5,Lucas Oil Stadium,False,72.0,0.0,,indoor,25.0,home,False,1.5,1,,,,,,IND,MIA,2025-09-07,1.5,2025,1.0,2025-09-07 00:00:00+00:00,1.5,2025-09-07,1493.03968519078,1503.9689291321206,1501.7161622669655,1490.7869183256248,-8.67647707618562,0.3456930913810684,AWAY,0.6543069086189316,False
2025-09-07,2025,1,False,JACKSONVILLE JAGUARS,26.0,10.0,CAROLINA PANTHERS,JAX,-3.5,46.5,TIAA Bank Field,False,85.0,3.0,71.0,,16.0,home,False,4.5,1,,,,,,JAX,CAR,2025-09-07,4.5,2025,1.0,2025-09-07 00:00:00+00:00,4.5,2025-09-07,1479.8455116813914,1490.361369932287,1476.8626548288914,1466.3467965779955,2.9828568524999355,0.634662950554368,HOME,0.634662950554368,True
2025-09-07,2025,1,False,LOS ANGELES RAMS,14.0,9.0,HOUSTON TEXANS,LAR,-3.0,43.5,SoFi Stadium,False,72.0,0.0,,indoor,5.0,home,False,3.5,1,,,,,,LAR,HOU,2025-09-07,,2025,1.0,2025-09-07 00:00:00+00:00,3.5,2025-09-07,1509.9585216338678,1519.3374289860435,1506.157799538364,1496.7788921861884,3.8007220955037155,0.6537965040944672,HOME,0.6537965040944672,True
2025-09-07,2025,1,False,NEW ENGLAND PATRIOTS,13.0,20.0,LAS VEGAS RAIDERS,NE,-2.5,44.0,Gillette Stadium,False,62.0,4.0,86.0,,-7.0,away,False,2.5,0,,,,,,NE,LV,2025-09-07,,2025,1.0,2025-09-07 00:00:00+00:00,2.5,2025-09-07,1476.2096370211063,1461.6115305681687,1475.6185274387503,1490.216633891688,0.5911095823560117,0.5764216104536166,HOME,0.5764216104536166,False
2025-09-07,2025,1,False,NEW ORLEANS SAINTS,13.0,20.0,ARIZONA CARDINALS,ARI,-6.5,43.5,Caesars Superdome,False,72.0,0.0,,indoor,-7.0,away,False,-6.0,0,,,,,,NO,ARI,2025-09-07,,2025,1.0,2025-09-07 00:00:00+00:00,-6.0,2025-09-07,1482.6538222839542,1468.3318057193142,1489.846292897268,1504.1683094619082,-7.192470613313844,0.38071294020195734,AWAY,0.6192870597980427,True
2025-09-07,2025,1,False,NEW YORK JETS,32.0,34.0,PITTSBURGH STEELERS,PIT,-2.5,38.0,MetLife Stadium,False,67.0,3.0,79.0,,-2.0,away,False,-3.0,0,,,,,,NYJ,PIT,2025-09-07,-3.0,2025,1.0,2025-09-07 00:00:00+00:00,-3.0,2025-09-07,1485.4357146373443,1477.8254730830004,1502.682933557092,1510.293175111436,-17.247218919747638,0.18049308943025222,AWAY,0.8195069105697478,True
2025-09-07,2025,1,False,SEATTLE SEAHAWKS,13.0,17.0,SAN FRANCISCO 49ERS,SF,-2.0,43.0,Lumen Field,False,67.0,6.0,83.0,,-4.0,away,False,-2.5,0,,,,,,SEA,SF,2025-09-07,,2025,1.0,2025-09-07 00:00:00+00:00,-2.5,2025-09-07,1506.4031440892593,1494.1516684032874,1490.9986841247842,1503.250159810756,15.404459964475109,0.860613216782579,HOME,0.860613216782579,False
2025-09-07,2025,1,False,WASHINGTON COMMANDERS,21.0,6.0,NEW YORK GIANTS,WAS,-6.0,45.5,Northwest Stadium,False,68.0,5.0,68.0,,15.0,home,False,6.0,1,,,,,,WAS,NYG,2025-09-07,6.0,2025,1.0,2025-09-07 00:00:00+00:00,6.0,2025-09-07,1516.8774357211582,1525.892540508785,1470.2387393712895,1461.223634583663,46.638696349868724,0.9933673026988051,HOME,0.9933673026988051,True
2025-09-08,2025,1,False,CHICAGO BEARS,24.0,27.0,MINNESOTA VIKINGS,MIN,-1.5,43.5,Soldier Field,False,68.0,6.0,38.0,,-3.0,away,False,-1.5,0,,,,,,CHI,MIN,2025-09-08,-1.5,2025,1.0,2025-09-08 00:00:00+00:00,-1.5,2025-09-08,1481.3537417010348,1472.2990807052213,1518.8196716860457,1527.874332681859,-37.465929985010916,0.027195432254073008,AWAY,0.9728045677459269,True
2025-09-11,2025,2,False,GREEN BAY PACKERS,27.0,18.0,WASHINGTON COMMANDERS,GB,-3.5,48.0,Lambeau Field,False,65.0,7.0,78.0,,9.0,home,False,3.5,1,,,,,,GB,WAS,2025-09-11,,2025,2.0,2025-09-11 00:00:00+00:00,3.5,2025-09-11,1522.1805469713431,1533.100180069718,1525.892540508785,1514.9729074104102,-3.711993537441913,0.4672464445939027,AWAY,0.5327535554060974,False
2025-09-14,2025,2,False,ARIZONA CARDINALS,27.0,22.0,CAROLINA PANTHERS,ARI,-7.0,44.5,State Farm Stadium,False,72.0,0.0,,indoor,5.0,home,False,7.0,1,,,,,,ARI,CAR,2025-09-14,7.0,2025,2.0,2025-09-14 00:00:00+00:00,7.0,2025-09-14,1504.1683094619082,1512.5929634957893,1466.3467965779955,1457.9221425441146,37.821512883912646,0.983840323557095,HOME,0.983840323557095,True
2025-09-14,2025,2,False,BALTIMORE RAVENS,41.0,17.0,CLEVELAND BROWNS,BAL,-11.5,45.0,M&T Bank Stadium,False,75.0,4.0,65.0,Sunny,24.0,home,False,12.5,1,,,,,,BAL,CLE,2025-09-14,12.5,2025,2.0,2025-09-14 00:00:00+00:00,12.5,2025-09-14,1522.5804894056412,1531.5258940233043,1466.639786259619,1457.6943816419555,55.94070314602209,0.9974234620430629,HOME,0.9974234620430629,True
2025-09-14,2025,2,False,CINCINNATI BENGALS,31.0,27.0,JACKSONVILLE JAGUARS,CIN,-3.0,49.0,Paycor Stadium,False,85.0,3.0,37.0,,4.0,home,False,3.5,1,,,,,,CIN,JAX,2025-09-14,3.5,2025,2.0,2025-09-14 00:00:00+00:00,3.5,2025-09-14,1514.9922790472726,1522.9724449086032,1490.361369932287,1482.3812040709563,24.63090911498557,0.9406053048566438,HOME,0.9406053048566438,True
2025-09-14,2025,2,False,DALLAS COWBOYS,40.0,37.0,NEW YORK GIANTS,DAL,-5.5,44.5,AT&T Stadium,False,72.0,0.0,,indoor,3.0,home,False,4.5,1,,,,,,DAL,NYG,2025-09-14,4.5,2025,2.0,2025-09-14 00:00:00+00:00,4.5,2025-09-14,1486.536422901432,1493.3915403967774,1461.223634583663,1454.3685170883175,25.31278831776899,0.944377153837733,HOME,0.944377153837733,True
2025-09-14,2025,2,False,DETROIT LIONS,52.0,21.0,CHICAGO BEARS,DET,-6.5,46.5,Ford Field,False,72.0,0.0,,indoor,31.0,home,False,6.0,1,,,,,,DET,CHI,2025-09-14,6.0,2025,2.0,2025-09-14 00:00:00+00:00,6.0,2025-09-14,1518.781639736622,1528.0484048100525,1472.2990807052213,1463.0323156317909,46.4825590314008,0.9932614483541913,HOME,0.9932614483541913,True
2025-09-14,2025,2,False,INDIANAPOLIS COLTS,29.0,28.0,DENVER BRONCOS,DEN,-1.0,43.5,Lucas Oil Stadium,False,72.0,0.0,,indoor,1.0,home,False,-2.5,0,,,,,,IND,DEN,2025-09-14,-2.5,2025,2.0,2025-09-14 00:00:00+00:00,-2.5,2025-09-14,1503.9689291321206,1507.889979198631,1513.6340759392892,1509.7130258727789,-9.66514680716864,0.32323199056588114,AWAY,0.6767680094341189,True
2025-09-14,2025,2,False,KANSAS CITY CHIEFS,17.0,20.0,PHILADELPHIA EAGLES,PHI,-1.0,47.0,GEHA Field at Arrowhead Stadium,False,88.0,12.0,46.0,,-3.0,away,False,-1.5,0,,,,,,KC,PHI,2025-09-14,,2025,2.0,2025-09-14 00:00:00+00:00,-1.5,2025-09-14,1522.433184171908,1513.0240525295526,1555.0593861773443,1564.4685178197,-32.626202005436426,0.04381197475524538,AWAY,0.9561880252447547,True
2025-09-14,2025,2,False,MIAMI DOLPHINS,27.0,33.0,NEW ENGLAND PATRIOTS,MIA,-2.0,43.0,Hard Rock Stadium,False,89.0,4.0,56.0,,-6.0,away,False,1.5,0,,,,,,MIA,NE,2025-09-14,,2025,2.0,2025-09-14 00:00:00+00:00,1.5,2025-09-14,1490.7869183256248,1474.9912961764574,1461.6115305681687,1477.4071527173362,29.175387757456065,0.9618107460599037,HOME,0.9618107460599037,False
2025-09-14,2025,2,False,MINNESOTA VIKINGS,6.0,22.0,ATLANTA FALCONS,MIN,-3.0,44.5,U.S. Bank Stadium,False,72.0,0.0,,indoor,-16.0,away,False,3.5,0,,,,,,MIN,ATL,2025-09-14,3.5,2025,2.0,2025-09-14 00:00:00+00:00,3.5,2025-09-14,1527.874332681859,1511.2659551605286,1481.7349830885623,1498.343360609893,46.13934959329663,0.9930228332335658,HOME,0.9930228332335658,False
2025-09-14,2025,2,False,NEW ORLEANS SAINTS,21.0,26.0,SAN FRANCISCO 49ERS,SF,-3.0,40.5,Caesars Superdome,False,72.0,0.0,,indoor,-5.0,away,False,-3.0,0,,,,,,NO,SF,2025-09-14,,2025,2.0,2025-09-14 00:00:00+00:00,-3.0,2025-09-14,1468.3318057193142,1456.25817741817,1503.250159810756,1515.3237881119,-34.91835409144187,0.03499079182423946,AWAY,0.9650092081757605,True
2025-09-14,2025,2,False,NEW YORK JETS,10.0,30.0,BUFFALO BILLS,BUF,-6.0,47.5,MetLife Stadium,False,80.0,3.0,49.0,,-20.0,away,False,-6.0,0,,,,,,NYJ,BUF,2025-09-14,-6.0,2025,2.0,2025-09-14 00:00:00+00:00,-6.0,2025-09-14,1477.8254730830004,1464.8862738951716,1532.9395786935563,1545.878777881385,-55.11410561055595,0.004592020259797287,AWAY,0.9954079797402027,True
2025-09-14,2025,2,False,PITTSBURGH STEELERS,17.0,31.0,SEATTLE SEAHAWKS,PIT,-3.0,40.0,Acrisure Stadium,False,79.0,5.0,46.0,,-14.0,away,False,3.5,0,,,,,,PIT,SEA,2025-09-14,3.5,2025,2.0,2025-09-14 00:00:00+00:00,3.5,2025-09-14,1510.293175111436,1494.735831464543,1494.1516684032874,1509.7090120501805,16.141506708148654,0.8693969725518301,HOME,0.8693969725518301,False
2025-09-14,2025,2,False,TENNESSEE TITANS,19.0,33.0,LOS ANGELES RAMS,LAR,-5.5,41.5,Nissan Stadium,False,83.0,3.0,46.0,,-14.0,away,False,-5.5,0,,,,,,TEN,LAR,2025-09-14,,2025,2.0,2025-09-14 00:00:00+00:00,-5.5,2025-09-14,1458.0843704283393,1445.3738481427954,1519.3374289860435,1532.0479512715874,-61.25305855770421,0.002458954612820682,AWAY,0.9975410453871794,True
2025-09-15,2025,2,False,HOUSTON TEXANS,19.0,20.0,TAMPA BAY BUCCANEERS,HOU,-2.5,42.5,NRG Stadium,False,72.0,0.0,,indoor,-1.0,away,False,2.5,1,,,,,,HOU,TB,2025-09-15,,2025,2.0,2025-09-15 00:00:00+00:00,2.5,2025-09-15,1496.7788921861884,1491.8657318062012,1516.6097384130182,1521.5228987930054,-19.830846226829863,0.1447021483304051,AWAY,0.8552978516695949,False
2025-09-15,2025,2,False,LAS VEGAS RAIDERS,9.0,20.0,LOS ANGELES CHARGERS,LAC,-3.5,46.5,Allegiant Stadium,False,72.0,0.0,,indoor,-11.0,away,False,-3.5,0,,,,,,LV,LAC,2025-09-15,,2025,2.0,2025-09-15 00:00:00+00:00,-3.5,2025-09-15,1490.216633891688,1476.3992157702376,1523.1529695977006,1536.970387719151,-32.93633570601264,0.04250458911317884,AWAY,0.9574954108868212,True
2025-09-18,2025,3,False,BUFFALO BILLS,31.0,21.0,MIAMI DOLPHINS,BUF,-12.0,50.0,Highmark Stadium,False,68.0,7.0,71.0,,10.0,home,False,12.5,1,,,,,,BUF,MIA,2025-09-18,12.5,2025,3.0,2025-09-18 00:00:00+00:00,12.5,2025-09-18,1545.878777881385,1554.458530655219,1474.9912961764574,1466.4115434026237,70.88748170492772,0.9994386711687838,HOME,0.9994386711687838,True
2025-09-21,2025,3,False,CAROLINA PANTHERS,30.0,0.0,ATLANTA FALCONS,ATL,-4.5,44.0,Bank of America Stadium,False,83.0,5.0,51.0,,30.0,home,False,-5.5,1,,,,,,CAR,ATL,2025-09-21,-5.5,2025,3.0,2025-09-21 00:00:00+00:00,-5.5,2025-09-21,1457.9221425441146,1470.6616040857302,1498.343360609893,1485.603899068277,-40.42121806577825,0.020256027124772053,AWAY,0.979743972875228,False
2025-09-21,2025,3,False,CHICAGO BEARS,31.0,14.0,DALLAS COWBOYS,DAL,-1.0,50.0,Soldier Field,False,82.0,4.0,48.0,,17.0,home,False,-1.5,1,,,,,,CHI,DAL,2025-09-21,-1.5,2025,3.0,2025-09-21 00:00:00+00:00,-1.5,2025-09-21,1463.0323156317909,1475.3879341373113,1493.3915403967774,1481.0359218912567,-30.359224764986493,0.054598041366947354,AWAY,0.9454019586330527,False
2025-09-21,2025,3,False,CLEVELAND BROWNS,13.0,10.0,GREEN BAY PACKERS,GB,-7.5,41.0,Huntington Bank Field,False,79.0,10.0,53.0,,3.0,home,False,-8.5,0,,,,,,CLE,GB,2025-09-21,,2025,3.0,2025-09-21 00:00:00+00:00,-8.5,2025-09-21,1457.6943816419555,1467.798247009153,1533.100180069718,1522.9963147025203,-75.40579842776242,0.0005808673274741797,AWAY,0.9994191326725258,True
2025-09-21,2025,3,False,JACKSONVILLE JAGUARS,17.0,10.0,HOUSTON TEXANS,JAX,-1.0,43.5,TIAA Bank Field,False,85.0,11.0,59.0,,7.0,home,False,1.5,1,,,,,,JAX,HOU,2025-09-21,1.5,2025,3.0,2025-09-21 00:00:00+00:00,1.5,2025-09-21,1482.3812040709563,1493.946223107528,1491.8657318062012,1480.3007127696296,-9.48452773524491,0.327278733279499,AWAY,0.6727212667205009,False
2025-09-21,2025,3,False,LOS ANGELES CHARGERS,23.0,20.0,DENVER BRONCOS,LAC,-3.0,43.5,SoFi Stadium,False,72.0,0.0,,indoor,3.0,home,False,2.5,1,,,,,,LAC,DEN,2025-09-21,2.5,2025,3.0,2025-09-21 00:00:00+00:00,2.5,2025-09-21,1536.970387719151,1543.9583900275936,1509.7130258727789,1502.7250235643362,27.257361846372078,0.9539310710380126,HOME,0.9539310710380126,True
2025-09-21,2025,3,False,MINNESOTA VIKINGS,48.0,10.0,CINCINNATI BENGALS,MIN,-3.0,41.5,U.S. Bank Stadium,False,72.0,0.0,,indoor,38.0,home,False,3.0,1,,,,,,MIN,CIN,2025-09-21,3.0,2025,3.0,2025-09-21 00:00:00+00:00,3.0,2025-09-21,1511.2659551605286,1522.9146390314322,1522.9724449086032,1511.3237610376996,-11.706489748074546,0.2794163597840772,AWAY,0.7205836402159228,False
2025-09-21,2025,3,False,NEW ENGLAND PATRIOTS,14.0,21.0,PITTSBURGH STEELERS,PIT,-1.5,44.5,Gillette Stadium,False,66.0,5.0,54.0,,-7.0,away,False,-1.5,0,,,,,,NE,PIT,2025-09-21,,2025,3.0,2025-09-21 00:00:00+00:00,-1.5,2025-09-21,1477.4071527173362,1462.6739199071665,1494.735831464543,1509.4690642747128,-17.328678747206823,0.17926626040131788,AWAY,0.8207337395986821,True
2025-09-21,2025,3,False,NEW YORK GIANTS,9.0,22.0,KANSAS CITY CHIEFS,KC,-6.0,44.5,MetLife Stadium,False,65.0,5.0,56.0,,-13.0,away,False,-6.0,0,,,,,,NYG,KC,2025-09-21,,2025,3.0,2025-09-21 00:00:00+00:00,-6.0,2025-09-21,1454.3685170883175,1441.2113218673685,1513.0240525295526,1526.1812477505018,-58.65553544123509,0.0032032645302934775,AWAY,0.9967967354697065,True
2025-09-21,2025,3,False,PHILADELPHIA EAGLES,33.0,26.0,LOS ANGELES RAMS,PHI,-3.0,44.5,Lincoln Financial Field,False,73.0,9.0,47.0,,7.0,home,False,3.5,1,,,,,,PHI,LAR,2025-09-21,,2025,3.0,2025-09-21 00:00:00+00:00,3.5,2025-09-21,1564.4685178197,1574.4887073695627,1532.0479512715874,1522.0277617217248,32.420566548112674,0.9722819804012176,HOME,0.9722819804012176,True
2025-09-21,2025,3,False,SAN FRANCISCO 49ERS,16.0,15.0,ARIZONA CARDINALS,SF,-2.0,45.5,Levi's Stadium,False,72.0,7.0,65.0,,1.0,home,False,1.5,1,,,,,,SF,ARI,2025-09-21,,2025,3.0,2025-09-21 00:00:00+00:00,1.5,2025-09-21,1515.3237881119,1519.168660298251,1512.5929634957893,1508.7480913094382,2.7308246161107945,0.6286766490906328,HOME,0.6286766490906328,True
2025-09-21,2025,3,False,SEATTLE SEAHAWKS,44.0,13.0,NEW ORLEANS SAINTS,SEA,-7.0,41.5,Lumen Field,False,63.0,3.0,84.0,,31.0,home,False,7.5,1,,,,,,SEA,NO,2025-09-21,,2025,3.0,2025-09-21 00:00:00+00:00,7.5,2025-09-21,1509.7090120501805,1518.985216237965,1456.25817741817,1446.9819732303856,53.45083463201058,0.9966802438119805,HOME,0.9966802438119805,True
2025-09-21,2025,3,False,TAMPA BAY BUCCANEERS,29.0,27.0,NEW YORK JETS,TB,-6.5,43.0,Raymond James Stadium,False,88.0,5.0,55.0,,2.0,home,False,6.5,1,,,,,,TB,NYJ,2025-09-21,,2025,3.0,2025-09-21 00:00:00+00:00,6.5,2025-09-21,1521.5228987930054,1526.4313313319133,1464.8862738951716,1459.9778413562638,56.636624897833826,0.9975997405449757,HOME,0.9975997405449757,True
2025-09-21,2025,3,False,TENNESSEE TITANS,20.0,41.0,INDIANAPOLIS COLTS,IND,-4.5,43.5,Nissan Stadium,False,84.0,8.0,49.0,,-21.0,away,False,-6.0,0,,,,,,TEN,IND,2025-09-21,-6.0,2025,3.0,2025-09-21 00:00:00+00:00,-6.0,2025-09-21,1445.3738481427954,1432.3643663828443,1507.889979198631,1520.8994609585818,-62.51613105583556,0.0021621152698878955,AWAY,0.9978378847301121,True
2025-09-21,2025,3,False,WASHINGTON COMMANDERS,41.0,24.0,LAS VEGAS RAIDERS,WAS,-3.0,43.5,Northwest Stadium,False,72.0,6.0,72.0,,17.0,home,False,2.5,1,,,,,,WAS,LV,2025-09-21,,2025,3.0,2025-09-21 00:00:00+00:00,2.5,2025-09-21,1514.9729074104102,1524.7728898044293,1476.3992157702376,1466.5992333762183,38.57369164017268,0.985016877090403,HOME,0.985016877090403,True
2025-09-22,2025,3,False,BALTIMORE RAVENS,30.0,38.0,DETROIT LIONS,BAL,-4.0,53.0,M&T Bank Stadium,False,74.0,7.0,64.0,,-8.0,away,False,4.5,0,,,,,,BAL,DET,2025-09-22,4.5,2025,3.0,2025-09-22 00:00:00+00:00,4.5,2025-09-22,1531.5258940233043,1515.951780967261,1528.0484048100525,1543.6225178660964,3.477489213251829,0.6462899269513896,HOME,0.6462899269513896,False
2025-09-25,2025,4,False,ARIZONA CARDINALS,20.0,23.0,SEATTLE SEAHAWKS,SEA,-1.5,43.0,State Farm Stadium,False,72.0,0.0,,indoor,-3.0,away,False,-1.5,0,,,,,,ARI,SEA,2025-09-25,-1.5,2025,4.0,2025-09-25 00:00:00+00:00,-1.5,2025-09-25,1508.7480913094382,1498.237802412567,1518.985216237965,1529.4955051348363,-10.237124928526782,0.31059237353877217,AWAY,0.6894076264612279,True
2025-09-28,2025,4,False,PITTSBURGH STEELERS,24.0,21.0,MINNESOTA VIKINGS,MIN,-2.5,41.0,Croke Park,True,61.0,5.0,70.0,,3.0,home,False,-2.5,1,,,,,,PIT,MIN,2025-09-28,-2.5,2025,4.0,2025-09-28 00:00:00+00:00,-2.5,2025-09-28,1509.4690642747128,1519.3644604693438,1522.9146390314322,1513.0192428368011,-13.445574756719452,0.24510327322247236,AWAY,0.7548967267775276,False
2025-09-28,2025,4,False,ATLANTA FALCONS,34.0,27.0,WASHINGTON COMMANDERS,ATL,-1.5,43.5,Mercedes-Benz Stadium,False,72.0,0.0,,indoor,7.0,home,False,2.5,1,,,,,,ATL,WAS,2025-09-28,2.5,2025,4.0,2025-09-28 00:00:00+00:00,2.5,2025-09-28,1485.603899068277,1498.642291605581,1524.7728898044293,1511.734497267125,-39.16899073615218,0.022954947285021815,AWAY,0.9770450527149782,False
2025-09-28,2025,4,False,BUFFALO BILLS,31.0,19.0,NEW ORLEANS SAINTS,BUF,-15.5,47.5,Highmark Stadium,False,73.0,7.0,56.0,,12.0,home,False,15.5,1,,,,,,BUF,NO,2025-09-28,,2025,4.0,2025-09-28 00:00:00+00:00,15.5,2025-09-28,1554.458530655219,1562.1589725714502,1446.9819732303856,1439.2815313141543,107.47655742483335,0.9999865969252165,HOME,0.9999865969252165,True
2025-09-28,2025,4,False,DETROIT LIONS,34.0,10.0,CLEVELAND BROWNS,DET,-10.0,44.0,Ford Field,False,72.0,0.0,,indoor,24.0,home,False,10.0,1,,,,,,DET,CLE,2025-09-28,10.0,2025,4.0,2025-09-28 00:00:00+00:00,10.0,2025-09-28,1543.6225178660964,1552.3692588230306,1467.798247009153,1459.051506052219,75.82427085694326,0.9996608191666212,HOME,0.9996608191666212,True
2025-09-28,2025,4,False,HOUSTON TEXANS,26.0,0.0,TENNESSEE TITANS,HOU,-7.0,39.5,NRG Stadium,False,72.0,0.0,,indoor,26.0,home,False,7.5,1,,,,,,HOU,TEN,2025-09-28,7.5,2025,4.0,2025-09-28 00:00:00+00:00,7.5,2025-09-28,1480.3007127696296,1490.0282896419012,1432.3643663828443,1422.636789510573,47.93634638678532,0.994185481118937,HOME,0.994185481118937,True
2025-09-28,2025,4,False,NEW ENGLAND PATRIOTS,42.0,13.0,CAROLINA PANTHERS,NE,-5.0,43.0,Gillette Stadium,False,76.0,7.0,70.0,,29.0,home,False,5.5,1,,,,,,NE,CAR,2025-09-28,,2025,4.0,2025-09-28 00:00:00+00:00,5.5,2025-09-28,1462.6739199071665,1474.4971008445816,1470.6616040857302,1458.838423148315,-7.987684178563768,0.36176622001985714,AWAY,0.6382337799801429,False
2025-09-28,2025,4,False,NEW YORK GIANTS,21.0,18.0,LOS ANGELES CHARGERS,LAC,-6.5,43.5,MetLife Stadium,False,81.0,4.0,53.0,,3.0,home,False,-6.0,0,,,,,,NYG,LAC,2025-09-28,-6.0,2025,4.0,2025-09-28 00:00:00+00:00,-6.0,2025-09-28,1441.2113218673685,1452.5003465038594,1543.9583900275936,1532.6693653911025,-102.74706816022513,3.5651935908322895e-05,AWAY,0.9999643480640916,True
2025-09-28,2025,4,False,TAMPA BAY BUCCANEERS,25.0,31.0,PHILADELPHIA EAGLES,PHI,-3.5,44.0,Raymond James Stadium,False,88.0,6.0,61.0,,-6.0,away,False,-3.5,0,,,,,,TB,PHI,2025-09-28,,2025,4.0,2025-09-28 00:00:00+00:00,-3.5,2025-09-28,1526.4313313319133,1513.1646238333642,1574.4887073695627,1587.7554148681118,-48.05737603764942,0.009392446748928545,AWAY,0.9906075532510714,True
2025-09-28,2025,4,False,LOS ANGELES RAMS,27.0,20.0,INDIANAPOLIS COLTS,LAR,-3.5,49.5,SoFi Stadium,False,72.0,0.0,,indoor,7.0,home,False,3.5,1,,,,,,LAR,IND,2025-09-28,,2025,4.0,2025-09-28 00:00:00+00:00,3.5,2025-09-28,1522.0277617217248,1533.5003231087137,1520.8994609585818,1509.4268995715931,1.1283007631429882,0.5897525410087506,HOME,0.5897525410087506,True
2025-09-28,2025,4,False,SAN FRANCISCO 49ERS,21.0,26.0,JACKSONVILLE JAGUARS,SF,-3.5,46.0,Levi's Stadium,False,72.0,7.0,72.0,,-5.0,away,False,3.5,0,,,,,,SF,JAX,2025-09-28,,2025,4.0,2025-09-28 00:00:00+00:00,3.5,2025-09-28,1519.168660298251,1503.9798594375677,1493.946223107528,1509.1350239682115,25.222437190722985,0.9438906399577801,HOME,0.9438906399577801,False
2025-09-28,2025,4,False,KANSAS CITY CHIEFS,37.0,20.0,BALTIMORE RAVENS,BAL,-2.5,48.5,GEHA Field at Arrowhead Stadium,False,89.0,10.0,38.0,,17.0,home,False,-2.5,1,,,,,,KC,BAL,2025-09-28,,2025,4.0,2025-09-28 00:00:00+00:00,-2.5,2025-09-28,1526.1812477505018,1537.3066859441406,1515.951780967261,1504.826342773622,10.229466783240923,0.7844987994615342,HOME,0.7844987994615342,True
2025-09-28,2025,4,False,LAS VEGAS RAIDERS,24.0,25.0,CHICAGO BEARS,PICK,0.0,47.5,Allegiant Stadium,False,72.0,0.0,,indoor,-1.0,away,False,1.5,1,,,,,,LV,CHI,2025-09-28,,2025,4.0,2025-09-28 00:00:00+00:00,1.5,2025-09-28,1466.5992333762183,1461.2602156988994,1475.3879341373113,1480.7269518146304,-8.788700761092969,0.34310626565615093,AWAY,0.656893734343849,False
2025-09-28,2025,4,False,DALLAS COWBOYS,40.0,40.0,GREEN BAY PACKERS,GB,-6.5,46.5,AT&T Stadium,False,72.0,0.0,,indoor,0.0,push,False,-7.0,0,,,,,,DAL,GB,2025-09-28,,2025,4.0,2025-09-28 00:00:00+00:00,-7.0,2025-09-28,1481.0359218912567,1481.0359218912567,1522.9963147025203,1522.9963147025203,-41.960392811263546,0.0173617264316101,AWAY,0.98263827356839,True
2025-09-29,2025,4,False,MIAMI DOLPHINS,27.0,17.0,NEW YORK JETS,MIA,-2.5,44.5,Hard Rock Stadium,False,88.0,17.0,57.0,,10.0,home,False,2.5,1,,,,,,MIA,NYJ,2025-09-29,2.5,2025,4.0,2025-09-29 00:00:00+00:00,2.5,2025-09-29,1466.4115434026237,1477.724852097452,1459.9778413562638,1448.6645326614353,6.43370204635994,0.7118876837472577,HOME,0.7118876837472577,True
2025-09-29,2025,4,False,DENVER BRONCOS,28.0,3.0,CINCINNATI BENGALS,DEN,-7.5,44.0,Empower Field at Mile High,False,66.0,12.0,55.0,,25.0,home,False,7.5,1,,,,,,DEN,CIN,2025-09-29,7.5,2025,4.0,2025-09-29 00:00:00+00:00,7.5,2025-09-29,1502.7250235643362,1514.617508483432,1511.3237610376996,1499.4312761186038,-8.598737473363371,0.3474904167622309,AWAY,0.6525095832377691,False
2025-10-02,2025,5,False,LOS ANGELES RAMS,23.0,26.0,SAN FRANCISCO 49ERS,LAR,-9.0,45.0,SoFi Stadium,False,72.0,0.0,,indoor,-3.0,away,False,8.5,1,,,,,,LAR,SF,2025-10-02,,2025,5.0,2025-10-02 00:00:00+00:00,8.5,2025-10-02,1533.5003231087137,1521.4285771700395,1503.9798594375677,1516.0516053762417,29.52046367114599,0.9630838822286606,HOME,0.9630838822286606,True
2025-10-05,2025,5,False,CLEVELAND BROWNS,17.0,21.0,MINNESOTA VIKINGS,MIN,-3.5,35.5,Tottenham Hotspur Stadium,True,61.0,14.0,48.0,,-4.0,away,False,-3.5,0,,,,,,CLE,MIN,2025-10-05,-3.5,2025,5.0,2025-10-05 00:00:00+00:00,-3.5,2025-10-05,1459.051506052219,1449.7273101301091,1513.0192428368011,1522.343438758911,-53.96773678458203,0.0051592057953538575,AWAY,0.9948407942046461,True
2025-10-05,2025,5,False,NEW ORLEANS SAINTS,26.0,14.0,NEW YORK GIANTS,NO,-2.0,42.0,Caesars Superdome,False,72.0,0.0,,indoor,12.0,home,False,1.5,1,,,,,,NO,NYG,2025-10-05,,2025,5.0,2025-10-05 00:00:00+00:00,1.5,2025-10-05,1439.2815313141543,1451.6356283211403,1452.5003465038594,1440.1462494968732,-13.218815189705083,0.2494118648130023,AWAY,0.7505881351869977,False
2025-10-05,2025,5,False,NEW YORK JETS,22.0,37.0,DALLAS COWBOYS,DAL,-1.5,48.0,MetLife Stadium,False,82.0,3.0,46.0,,-15.0,away,False,1.5,0,,,,,,NYJ,DAL,2025-10-05,1.5,2025,5.0,2025-10-05 00:00:00+00:00,1.5,2025-10-05,1448.6645326614353,1433.7181704478303,1481.0359218912567,1495.9822841048615,-32.37138922982149,0.04491478172198298,AWAY,0.9550852182780171,True
2025-10-05,2025,5,False,CAROLINA PANTHERS,27.0,24.0,MIAMI DOLPHINS,MIA,-1.0,44.0,Bank of America Stadium,False,77.0,8.0,57.0,,3.0,home,False,-1.5,1,,,,,,CAR,MIA,2025-10-05,-1.5,2025,5.0,2025-10-05 00:00:00+00:00,-1.5,2025-10-05,1458.838423148315,1467.6338360097764,1477.724852097452,1468.929439235991,-18.88642894913687,0.15704821034709432,AWAY,0.8429517896529057,False
2025-10-05,2025,5,False,BALTIMORE RAVENS,10.0,44.0,HOUSTON TEXANS,HOU,-1.0,40.5,M&T Bank Stadium,False,78.0,2.0,45.0,,-34.0,away,False,-2.5,0,,,,,,BAL,HOU,2025-10-05,-2.5,2025,5.0,2025-10-05 00:00:00+00:00,-2.5,2025-10-05,1504.826342773622,1488.0107449612983,1490.0282896419012,1506.8438874542248,14.798053131720735,0.8530197596322622,HOME,0.8530197596322622,False
2025-10-05,2025,5,False,INDIANAPOLIS COLTS,40.0,6.0,LAS VEGAS RAIDERS,IND,-7.0,48.0,Lucas Oil Stadium,False,72.0,0.0,,indoor,34.0,home,False,7.0,1,,,,,,IND,LV,2025-10-05,,2025,5.0,2025-10-05 00:00:00+00:00,7.0,2025-10-05,1509.4268995715931,1519.4117253532722,1461.2602156988994,1451.2753899172203,48.16668387269374,0.9943198474830941,HOME,0.9943198474830941,True
2025-10-05,2025,5,False,PHILADELPHIA EAGLES,17.0,21.0,DENVER BRONCOS,PHI,-4.0,43.5,Lincoln Financial Field,False,80.0,6.0,43.0,,-4.0,away,False,3.5,0,,,,,,PHI,DEN,2025-10-05,3.5,2025,5.0,2025-10-05 00:00:00+00:00,3.5,2025-10-05,1587.7554148681118,1571.9509488466567,1514.617508483432,1530.421974504887,73.13790638467981,0.9995538403961663,HOME,0.9995538403961663,False
2025-10-05,2025,5,False,ARIZONA CARDINALS,21.0,22.0,TENNESSEE TITANS,ARI,-7.5,41.0,State Farm Stadium,False,72.0,0.0,,indoor,-1.0,away,False,7.5,1,,,,,,ARI,TEN,2025-10-05,7.5,2025,5.0,2025-10-05 00:00:00+00:00,7.5,2025-10-05,1498.237802412567,1491.3921167021865,1422.636789510573,1429.4824752209531,75.60101290199395,0.9996530023755998,HOME,0.9996530023755998,True
2025-10-05,2025,5,False,SEATTLE SEAHAWKS,35.0,38.0,TAMPA BAY BUCCANEERS,SEA,-3.5,44.5,Lumen Field,False,61.0,8.0,73.0,,-3.0,away,False,3.5,1,,,,,,SEA,TB,2025-10-05,,2025,5.0,2025-10-05 00:00:00+00:00,3.5,2025-10-05,1529.4955051348363,1517.7111513456482,1513.1646238333642,1524.9489776225523,16.330881301472118,0.871576545384416,HOME,0.871576545384416,True
2025-10-05,2025,5,False,LOS ANGELES CHARGERS,10.0,27.0,WASHINGTON COMMANDERS,LAC,-3.0,47.0,SoFi Stadium,False,72.0,0.0,,indoor,-17.0,away,False,2.5,0,,,,,,LAC,WAS,2025-10-05,2.5,2025,5.0,2025-10-05 00:00:00+00:00,2.5,2025-10-05,1532.6693653911025,1515.616485472724,1511.734497267125,1528.7873771855038,20.934868123977367,0.9156755830934727,HOME,0.9156755830934727,False
2025-10-05,2025,5,False,CINCINNATI BENGALS,24.0,37.0,DETROIT LIONS,DET,-10.5,49.5,Paycor Stadium,False,84.0,7.0,39.0,,-13.0,away,False,-10.5,0,,,,,,CIN,DET,2025-10-05,-10.5,2025,5.0,2025-10-05 00:00:00+00:00,-10.5,2025-10-05,1499.4312761186038,1485.31435158645,1552.3692588230306,1566.4861833551845,-52.93798270442676,0.005727838749979024,AWAY,0.9942721612500209,True
2025-10-05,2025,5,False,BUFFALO BILLS,20.0,23.0,NEW ENGLAND PATRIOTS,BUF,-9.0,48.5,Highmark Stadium,False,66.0,3.0,58.0,,-3.0,away,False,7.5,1,,,,,,BUF,NE,2025-10-05,,2025,5.0,2025-10-05 00:00:00+00:00,7.5,2025-10-05,1562.1589725714502,1548.086991973919,1474.4971008445816,1488.5690814421123,87.66187172686864,0.9998986810766696,HOME,0.9998986810766696,True
2025-10-06,2025,5,False,JACKSONVILLE JAGUARS,31.0,28.0,KANSAS CITY CHIEFS,KC,-3.5,45.5,EverBank Stadium,False,80.0,12.0,79.0,,3.0,home,False,-3.5,0,,,,,,JAX,KC,2025-10-06,,2025,5.0,2025-10-06 00:00:00+00:00,-3.5,2025-10-06,1509.1350239682115,1518.2643001478452,1537.3066859441406,1528.1774097645068,-28.171661975929055,0.06734012161959461,AWAY,0.9326598783804054,True
2025-10-09,2025,6,False,NEW YORK GIANTS,34.0,17.0,PHILADELPHIA EAGLES,PHI,-8.0,40.0,MetLife Stadium,False,53.0,3.0,31.0,,17.0,home,False,-7.0,1,,,,,,NYG,PHI,2025-10-09,-7.0,2025,6.0,2025-10-09 00:00:00+00:00,-7.0,2025-10-09,1440.1462494968732,1457.4978427165977,1571.9509488466567,1554.5993556269325,-131.8046993497835,1.8355606788902364e-06,AWAY,0.9999981644393211,False
2025-10-12,2025,6,False,NEW YORK JETS,11.0,13.0,DENVER BRONCOS,DEN,-7.0,43.5,Tottenham Hotspur Stadium,False,59.0,6.0,69.0,,-2.0,away,False,-7.5,0,,,,,,NYJ,DEN,2025-10-12,-7.5,2025,6.0,2025-10-12 00:00:00+00:00,-7.5,2025-10-12,1433.7181704478303,1427.0384518236483,1530.421974504887,1537.1016931290692,-96.70380405705669,6.607090961033178e-05,AWAY,0.9999339290903897,True
2025-10-12,2025,6,False,BALTIMORE RAVENS,3.0,17.0,LOS ANGELES RAMS,LAR,-7.0,44.5,M&T Bank Stadium,False,64.0,15.0,66.0,,-14.0,away,False,-7.0,0,,,,,,BAL,LAR,2025-10-12,,2025,6.0,2025-10-12 00:00:00+00:00,-7.0,2025-10-12,1488.0107449612983,1472.699261021731,1521.4285771700395,1536.7400611096068,-33.417832208741174,0.0405484309710867,AWAY,0.9594515690289133,True
2025-10-12,2025,6,False,CAROLINA PANTHERS,30.0,27.0,DALLAS COWBOYS,DAL,-3.0,68.0,Bank of America Stadium,False,68.0,15.0,71.0,,3.0,home,False,-3.0,0,,,,,,CAR,DAL,2025-10-12,-3.0,2025,6.0,2025-10-12 00:00:00+00:00,-3.0,2025-10-12,1467.6338360097764,1476.98238026837,1495.9822841048615,1486.633739846268,-28.348448095085132,0.06621541862995205,AWAY,0.9337845813700479,True
2025-10-12,2025,6,False,INDIANAPOLIS COLTS,31.0,27.0,ARIZONA CARDINALS,IND,-9.5,46.5,Lucas Oil Stadium,False,72.0,0.0,,indoor,4.0,home,False,8.5,1,,,,,,IND,ARI,2025-10-12,8.5,2025,6.0,2025-10-12 00:00:00+00:00,8.5,2025-10-12,1519.4117253532722,1528.1810896887894,1491.3921167021865,1482.6227523666691,28.01960865108572,0.9572326005759755,HOME,0.9572326005759755,True
2025-10-12,2025,6,False,JACKSONVILLE JAGUARS,12.0,20.0,SEATTLE SEAHAWKS,PICK,0.0,47.5,EverBank Stadium,False,76.0,8.0,59.0,,-8.0,away,False,-1.5,0,,,,,,JAX,SEA,2025-10-12,-1.5,2025,6.0,2025-10-12 00:00:00+00:00,-1.5,2025-10-12,1518.2643001478452,1501.5614643648953,1517.7111513456482,1534.413987128598,0.553148802197029,0.5754751127589472,HOME,0.5754751127589472,False
2025-10-12,2025,6,False,MIAMI DOLPHINS,27.0,29.0,LOS ANGELES CHARGERS,LAC,-4.0,43.5,Hard Rock Stadium,False,85.0,4.0,62.0,,-2.0,away,False,-3.5,0,,,,,,MIA,LAC,2025-10-12,-3.5,2025,6.0,2025-10-12 00:00:00+00:00,-3.5,2025-10-12,1468.929439235991,1460.9891122050833,1515.616485472724,1523.5568125036314,-46.68704623673307,0.01078755519661717,AWAY,0.9892124448033829,True
2025-10-12,2025,6,False,PITTSBURGH STEELERS,23.0,9.0,CLEVELAND BROWNS,PIT,-6.0,38.0,Acrisure Stadium,False,64.0,8.0,77.0,,14.0,home,False,5.5,1,,,,,,PIT,CLE,2025-10-12,5.5,2025,6.0,2025-10-12 00:00:00+00:00,5.5,2025-10-12,1519.3644604693438,1528.820630988762,1449.7273101301091,1440.2711396106913,69.63715033923472,0.9993622945357558,HOME,0.9993622945357558,True
2025-10-12,2025,6,False,NEW ORLEANS SAINTS,19.0,25.0,NEW ENGLAND PATRIOTS,NE,-3.5,46.0,Caesars Superdome,False,72.0,0.0,,indoor,-6.0,away,False,-3.5,0,,,,,,NO,NE,2025-10-12,,2025,6.0,2025-10-12 00:00:00+00:00,-3.5,2025-10-12,1451.6356283211403,1437.1233488014686,1488.5690814421123,1503.0813609617844,-36.93345312097199,0.028671148894679872,AWAY,0.9713288511053201,True
2025-10-12,2025,6,False,LAS VEGAS RAIDERS,20.0,10.0,TENNESSEE TITANS,LVR,-4.0,42.0,Allegiant Stadium,False,72.0,0.0,,indoor,10.0,home,False,3.5,1,,,,,,LV,TEN,2025-10-12,,2025,6.0,2025-10-12 00:00:00+00:00,3.5,2025-10-12,1451.2753899172203,1462.5567824588206,1429.4824752209531,1418.201082679353,21.79291469626719,0.9221976875092425,HOME,0.9221976875092425,True
2025-10-12,2025,6,False,TAMPA BAY BUCCANEERS,30.0,19.0,SAN FRANCISCO 49ERS,TB,-3.0,47.0,Raymond James Stadium,False,82.0,10.0,49.0,,11.0,home,False,3.5,1,,,,,,TB,SF,2025-10-12,,2025,6.0,2025-10-12 00:00:00+00:00,3.5,2025-10-12,1524.9489776225523,1536.744076895142,1516.0516053762417,1504.256506103652,8.897372246310624,0.7606206692184292,HOME,0.7606206692184292,True
2025-10-12,2025,6,False,GREEN BAY PACKERS,27.0,18.0,CINCINNATI BENGALS,GB,-14.0,45.0,Lambeau Field,False,64.0,14.0,56.0,,9.0,home,False,14.0,1,,,,,,GB,CIN,2025-10-12,,2025,6.0,2025-10-12 00:00:00+00:00,14.0,2025-10-12,1522.9963147025203,1533.6561855763453,1485.31435158645,1474.6544807126254,37.68196311607039,0.9836122550719586,HOME,0.9836122550719586,True
2025-10-13,2025,6,False,KANSAS CITY CHIEFS,30.0,17.0,DETROIT LIONS,KC,-2.5,53.0,GEHA Field at Arrowhead Stadium,False,85.0,13.0,37.0,,13.0,home,False,2.5,1,,,,,,KC,DET,2025-10-13,,2025,6.0,2025-10-13 00:00:00+00:00,2.5,2025-10-12,1528.1774097645068,1541.9553508684976,1566.4861833551845,1552.7082422511935,-38.308773590677674,0.025009306731966233,AWAY,0.9749906932680338,False
2025-10-13,2025,6,False,ATLANTA FALCONS,24.0,14.0,BUFFALO BILLS,BUF,-4.0,50.0,Mercedes-Benz Stadium,False,72.0,0.0,,indoor,10.0,home,False,-3.5,1,,,,,,ATL,BUF,2025-10-13,-3.5,2025,6.0,2025-10-13 00:00:00+00:00,-3.5,2025-10-13,1498.642291605581,1512.88359348658,1548.086991973919,1533.8456900929202,-49.44470036833809,0.008162212858735298,AWAY,0.9918377871412647,False
2025-10-14,2025,6,False,WASHINGTON COMMANDERS,24.0,25.0,CHICAGO BEARS,WAS,-5.5,49.5,Northwest Stadium,False,59.0,12.0,82.0,,-1.0,away,False,5.5,1,,,,,,WAS,CHI,2025-10-14,,2025,6.0,2025-10-14 00:00:00+00:00,5.5,2025-10-13,1528.7873771855038,1522.1560225563912,1480.7269518146304,1487.358306443743,48.06042537087342,0.9942582500102082,HOME,0.9942582500102082,True
2025-10-17,2025,7,False,CINCINNATI BENGALS,33.0,31.0,PITTSBURGH STEELERS,PIT,-5.5,44.5,Paycor Stadium,False,60.0,5.0,74.0,,2.0,home,False,-5.5,0,,,,,,CIN,PIT,2025-10-17,,2025,7.0,2025-10-17 00:00:00+00:00,-5.5,2025-10-16,1474.6544807126254,1482.9117485041174,1528.820630988762,1520.5633631972698,-54.166150276136705,0.005056275375430151,AWAY,0.9949437246245698,True
2025-10-19,2025,7,False,JACKSONVILLE JAGUARS,7.0,35.0,LOS ANGELES RAMS,LAR,-3.0,44.0,Wembley Stadium,True,59.0,9.0,95.0,,-28.0,away,False,-3.0,0,,,,,,JAX,LAR,2025-10-19,,2025,7.0,2025-10-19 00:00:00+00:00,-3.0,2025-10-19,1501.5614643648953,1488.2450279685854,1536.7400611096068,1550.0564975059167,-35.17859674471151,0.034104680730767375,AWAY,0.9658953192692327,True
2025-10-19,2025,7,False,CHICAGO BEARS,26.0,14.0,NEW ORLEANS SAINTS,CHI,-4.0,45.5,Soldier Field,False,49.0,8.0,87.0,,12.0,home,False,4.5,1,,,,,,CHI,NO,2025-10-19,,2025,7.0,2025-10-19 00:00:00+00:00,4.5,2025-10-19,1487.358306443743,1497.8155122655237,1437.1233488014686,1426.6661429796882,50.23495764227437,0.9953960701798478,HOME,0.9953960701798478,True
2025-10-19,2025,7,False,CLEVELAND BROWNS,31.0,6.0,MIAMI DOLPHINS,CLE,-2.5,35.5,Huntington Bank Field,False,65.0,17.0,85.0,,25.0,home,False,2.5,1,,,,,,CLE,MIA,2025-10-19,2.5,2025,7.0,2025-10-19 00:00:00+00:00,2.5,2025-10-19,1440.2711396106913,1453.6254168313726,1460.9891122050833,1447.634834984402,-20.717972594391995,0.13384994229696204,AWAY,0.866150057703038,False
2025-10-19,2025,7,False,KANSAS CITY CHIEFS,31.0,0.0,LAS VEGAS RAIDERS,KC,-12.0,45.5,GEHA Field at Arrowhead Stadium,False,57.0,9.0,41.0,,31.0,home,False,13.5,1,,,,,,KC,LV,2025-10-19,,2025,7.0,2025-10-19 00:00:00+00:00,13.5,2025-10-19,1541.9553508684976,1551.306640355975,1462.5567824588206,1453.205492971343,79.39856840967695,0.9997644936593914,HOME,0.9997644936593914,True
2025-10-19,2025,7,False,MINNESOTA VIKINGS,22.0,28.0,PHILADELPHIA EAGLES,PHI,-1.5,44.0,U.S. Bank Stadium,False,72.0,0.0,,indoor,-6.0,away,False,-2.5,0,,,,,,MIN,PHI,2025-10-19,-2.5,2025,7.0,2025-10-19 00:00:00+00:00,-2.5,2025-10-19,1522.343438758911,1507.2128662409505,1554.5993556269325,1569.7299281448927,-32.255916868021586,0.04542320200208742,AWAY,0.9545767979979126,True
2025-10-19,2025,7,False,NEW YORK JETS,6.0,13.0,CAROLINA PANTHERS,CAR,-1.0,41.0,MetLife Stadium,False,71.0,13.0,70.0,,-7.0,away,False,1.5,0,,,,,,NYJ,CAR,2025-10-19,1.5,2025,7.0,2025-10-19 00:00:00+00:00,1.5,2025-10-19,1427.0384518236483,1412.0119541456118,1476.98238026837,1492.0088779464063,-49.94392844472168,0.007759786995806703,AWAY,0.9922402130041933,True
2025-10-19,2025,7,False,TENNESSEE TITANS,13.0,31.0,NEW ENGLAND PATRIOTS,NE,-7.0,42.0,Nissan Stadium,False,60.0,18.0,78.0,,-18.0,away,False,-6.5,0,,,,,,TEN,NE,2025-10-19,,2025,7.0,2025-10-19 00:00:00+00:00,-6.5,2025-10-19,1418.201082679353,1404.6607547215683,1503.0813609617844,1516.6216889195691,-84.88027828243139,0.00022088338836584223,AWAY,0.9997791166116342,True
2025-10-19,2025,7,False,DENVER BRONCOS,33.0,32.0,NEW YORK GIANTS,DEN,-7.5,40.5,Empower Field at Mile High,False,72.0,3.0,17.0,,1.0,home,False,7.5,1,,,,,,DEN,NYG,2025-10-19,7.5,2025,7.0,2025-10-19 00:00:00+00:00,7.5,2025-10-19,1537.1016931290692,1540.2269017097994,1457.4978427165977,1454.3726341358674,79.6038504124715,0.9997693767270829,HOME,0.9997693767270829,True
2025-10-19,2025,7,False,LOS ANGELES CHARGERS,24.0,38.0,INDIANAPOLIS COLTS,LAR,-3.0,44.0,SoFi Stadium,False,59.0,9.0,95.0,,-14.0,away,False,2.5,0,,,,,,LAC,IND,2025-10-19,2.5,2025,7.0,2025-10-19 00:00:00+00:00,2.5,2025-10-19,1523.5568125036314,1506.6132727931715,1528.1810896887894,1545.1246293992492,-4.624277185158007,0.4441497982052867,AWAY,0.5558502017947133,True
2025-10-19,2025,7,False,ARIZONA CARDINALS,23.0,27.0,GREEN BAY PACKERS,GB,-7.0,44.5,State Farm Stadium,False,72.0,0.0,,indoor,-4.0,away,False,-7.0,0,,,,,,ARI,GB,2025-10-19,,2025,7.0,2025-10-19 00:00:00+00:00,-7.0,2025-10-19,1482.6227523666691,1470.8413079831553,1533.6561855763453,1545.4376299598591,-51.033433209676105,0.006948631572009887,AWAY,0.9930513684279901,True
2025-10-19,2025,7,False,DALLAS COWBOYS,44.0,22.0,WASHINGTON COMMANDERS,DAL,-1.0,54.0,AT&T Stadium,False,72.0,0.0,,indoor,22.0,home,False,1.5,1,,,,,,DAL,WAS,2025-10-19,1.5,2025,7.0,2025-10-19 00:00:00+00:00,1.5,2025-10-19,1486.633739846268,1500.615260465383,1522.1560225563912,1508.174501937276,-35.522282710123136,0.032967570995653284,AWAY,0.9670324290043467,False
2025-10-20,2025,7,False,SAN FRANCISCO 49ERS,20.0,10.0,ATLANTA FALCONS,SF,-2.0,47.0,Levi's Stadium,False,74.0,5.0,49.0,,10.0,home,False,1.5,1,,,,,,SF,ATL,2025-10-20,,2025,7.0,2025-10-20 00:00:00+00:00,1.5,2025-10-19,1504.256506103652,1517.1518496387555,1512.88359348658,1499.9882499514763,-8.627087382927812,0.34683446526121586,AWAY,0.6531655347387841,False
2025-10-20,2025,7,False,DETROIT LIONS,24.0,9.0,TAMPA BAY BUCCANEERS,DET,-6.0,53.0,Ford Field,False,72.0,0.0,,indoor,15.0,home,False,6.0,1,,,,,,DET,TB,2025-10-20,,2025,7.0,2025-10-20 00:00:00+00:00,6.0,2025-10-20,1552.7082422511935,1564.581067256348,1536.744076895142,1524.8712518899877,15.96416535605158,0.86732746997888,HOME,0.86732746997888,True
2025-10-21,2025,7,False,SEATTLE SEAHAWKS,27.0,19.0,HOUSTON TEXANS,SEA,-3.0,41.0,Lumen Field,False,56.0,5.0,54.0,,8.0,home,False,3.0,1,,,,,,SEA,HOU,2025-10-21,,2025,7.0,2025-10-21 00:00:00+00:00,3.0,2025-10-20,1534.413987128598,1545.8576489852069,1506.8438874542248,1495.400225597616,27.57009967437307,0.9553140082845374,HOME,0.9553140082845374,True
2025-10-24,2025,8,False,LOS ANGELES CHARGERS,37.0,10.0,MINNESOTA VIKINGS,LAC,-3.5,44.5,SoFi Stadium,False,72.0,0.0,,indoor,27.0,home,False,3.0,1,,,,,,LAC,MIN,2025-10-24,,2025,8.0,2025-10-24 00:00:00+00:00,3.0,2025-10-23,1506.6132727931715,1519.3671742076083,1507.2128662409505,1494.4589648265137,-0.5995934477789433,0.5465007698835285,HOME,0.5465007698835285,True
2025-10-26,2025,8,False,ATLANTA FALCONS,10.0,34.0,MIAMI DOLPHINS,ATL,-7.0,44.5,Mercedes-Benz Stadium,False,72.0,0.0,,indoor,-24.0,away,False,7.0,0,,,,,,ATL,MIA,2025-10-26,7.0,2025,8.0,2025-10-26 00:00:00+00:00,7.0,2025-10-26,1499.9882499514763,1480.215272936902,1447.634834984402,1467.4078119989765,52.353414967074286,0.9962881396553487,HOME,0.9962881396553487,False
2025-10-26,2025,8,False,BALTIMORE RAVENS,30.0,16.0,CHICAGO BEARS,BAL,-2.5,45.0,M&T Bank Stadium,False,60.0,2.0,38.0,,14.0,home,False,2.5,1,,,,,,BAL,CHI,2025-10-26,2.5,2025,8.0,2025-10-26 00:00:00+00:00,2.5,2025-10-26,1472.699261021731,1486.609391227162,1497.8155122655237,1483.9053820600925,-25.116251243792703,0.08977721729414831,AWAY,0.9102227827058517,False
2025-10-26,2025,8,False,CAROLINA PANTHERS,9.0,40.0,BUFFALO BILLS,BUF,-7.0,46.5,Bank of America Stadium,False,63.0,9.0,36.0,,-31.0,away,False,-7.0,0,,,,,,CAR,BUF,2025-10-26,-7.0,2025,8.0,2025-10-26 00:00:00+00:00,-7.0,2025-10-26,1492.0088779464063,1476.217037333052,1533.8456900929202,1549.637530706275,-41.83681214651392,0.017578280404162632,AWAY,0.9824217195958374,True
2025-10-26,2025,8,False,CINCINNATI BENGALS,38.0,39.0,NEW YORK JETS,CIN,-6.5,44.5,Paycor Stadium,False,57.0,8.0,48.0,,-1.0,away,False,5.5,1,,,,,,CIN,NYJ,2025-10-26,5.5,2025,8.0,2025-10-26 00:00:00+00:00,5.5,2025-10-26,1482.9117485041174,1475.5703914811525,1412.0119541456118,1419.3533111685767,70.89979435850569,0.9994393759183622,HOME,0.9994393759183622,True
2025-10-26,2025,8,False,HOUSTON TEXANS,26.0,15.0,SAN FRANCISCO 49ERS,HOU,-2.0,42.0,NRG Stadium,False,72.0,0.0,,indoor,11.0,home,False,2.5,1,,,,,,HOU,SF,2025-10-26,,2025,8.0,2025-10-26 00:00:00+00:00,2.5,2025-10-26,1495.400225597616,1509.1642155837862,1517.1518496387555,1503.3878596525856,-21.751624041139394,0.12208158854102942,AWAY,0.8779184114589705,False
2025-10-26,2025,8,False,NEW ENGLAND PATRIOTS,32.0,13.0,CLEVELAND BROWNS,NE,-7.0,41.0,Gillette Stadium,False,53.0,7.0,52.0,,19.0,home,False,7.0,1,,,,,,NE,CLE,2025-10-26,,2025,8.0,2025-10-26 00:00:00+00:00,7.0,2025-10-26,1516.6216889195691,1526.8597093459307,1453.6254168313726,1443.387396405011,62.99627208819652,0.9987445817684286,HOME,0.9987445817684286,True
2025-10-26,2025,8,False,PHILADELPHIA EAGLES,38.0,20.0,NEW YORK GIANTS,PHI,-7.0,44.0,Lincoln Financial Field,False,60.0,4.0,41.0,,18.0,home,False,7.0,1,,,,,,PHI,NYG,2025-10-26,7.0,2025,8.0,2025-10-26 00:00:00+00:00,7.0,2025-10-26,1569.7299281448927,1578.0304205642897,1454.3726341358674,1446.0721417164705,115.35729400902528,0.9999940048617049,HOME,0.9999940048617049,True
2025-10-26,2025,8,False,NEW ORLEANS SAINTS,3.0,23.0,TAMPA BAY BUCCANEERS,TB,-3.5,46.5,Caesars Superdome,False,72.0,0.0,,indoor,-20.0,away,False,-4.5,0,,,,,,NO,TB,2025-10-26,,2025,8.0,2025-10-26 00:00:00+00:00,-4.5,2025-10-26,1426.6661429796882,1413.3329349242626,1524.8712518899877,1538.2044599454132,-98.20510891029949,5.6682756951407056e-05,AWAY,0.9999433172430486,True
2025-10-26,2025,8,False,DENVER BRONCOS,44.0,24.0,DALLAS COWBOYS,DEN,-3.5,51.0,Empower Field at Mile High,False,67.0,4.0,25.0,,20.0,home,False,3.5,1,,,,,,DEN,DAL,2025-10-26,3.5,2025,8.0,2025-10-26 00:00:00+00:00,3.5,2025-10-26,1540.2269017097994,1551.398580544742,1500.615260465383,1489.4435816304403,39.61164124441643,0.9865029929359165,HOME,0.9865029929359165,True
2025-10-26,2025,8,False,INDIANAPOLIS COLTS,38.0,14.0,TENNESSEE TITANS,IND,-14.5,48.5,Lucas Oil Stadium,False,72.0,0.0,,indoor,24.0,home,False,15.5,1,,,,,,IND,TEN,2025-10-26,15.5,2025,8.0,2025-10-26 00:00:00+00:00,15.5,2025-10-26,1545.1246293992492,1552.58186655004,1404.6607547215683,1397.2035175707776,140.4638746776809,0.999999537991043,HOME,0.999999537991043,True
2025-10-27,2025,8,False,PITTSBURGH STEELERS,25.0,35.0,GREEN BAY PACKERS,GB,-3.0,45.5,Acrisure Stadium,False,46.0,5.0,56.0,,-10.0,away,False,-3.0,0,,,,,,PIT,GB,2025-10-27,,2025,8.0,2025-10-27 00:00:00+00:00,-3.0,2025-10-26,1520.5633631972698,1503.9678999855946,1545.4376299598591,1562.0330931715343,-24.874266762589286,0.09181653556035083,AWAY,0.9081834644396491,True
2025-10-28,2025,8,False,KANSAS CITY CHIEFS,28.0,7.0,WASHINGTON COMMANDERS,KC,-11.0,48.0,GEHA Field at Arrowhead Stadium,False,54.0,8.0,94.0,,21.0,home,False,10.5,1,,,,,,KC,WAS,2025-10-28,,2025,8.0,2025-10-28 00:00:00+00:00,10.5,2025-10-27,1551.306640355975,1562.4206899885637,1508.174501937276,1497.060452304688,43.132138418699014,0.9905393189895829,HOME,0.9905393189895829,True
2025-10-31,2025,9,False,MIAMI DOLPHINS,,,BALTIMORE RAVENS,,,,Hard Rock Stadium,False,,,,,,push,False,-7.5,0,,,,,,MIA,BAL,2025-10-31,,2025,9.0,2025-10-31 00:00:00+00:00,-7.5,2025-10-30,1467.4078119989765,1467.4078119989765,1486.609391227162,1486.609391227162,-19.201579228185437,0.1528357784264276,AWAY,0.8471642215735724,True
2025-11-02,2025,9,False,CINCINNATI BENGALS,,,CHICAGO BEARS,,,,Paycor Stadium,False,,,,,,push,False,-3.0,0,,,,,,CIN,CHI,2025-11-02,-3.0,2025,9.0,2025-11-02 00:00:00+00:00,-3.0,2025-11-02,1475.5703914811525,1475.5703914811525,1483.9053820600925,1483.9053820600925,-8.334990578940051,0.3536204114798063,AWAY,0.6463795885201937,True
2025-11-02,2025,9,False,DETROIT LIONS,,,MINNESOTA VIKINGS,,,,Ford Field,False,,,,,,push,False,9.5,0,,,,,,DET,MIN,2025-11-02,9.5,2025,9.0,2025-11-02 00:00:00+00:00,9.5,2025-11-02,1564.581067256348,1564.581067256348,1494.4589648265137,1494.4589648265137,70.12210242983429,0.9993930789774189,HOME,0.9993930789774189,False
2025-11-02,2025,9,False,GREEN BAY PACKERS,,,CAROLINA PANTHERS,,,,Lambeau Field,False,,,,,,push,False,12.5,0,,,,,,GB,CAR,2025-11-02,,2025,9.0,2025-11-02 00:00:00+00:00,12.5,2025-11-02,1562.0330931715343,1562.0330931715343,1476.217037333052,1476.217037333052,85.81605583848227,0.9998776738138454,HOME,0.9998776738138454,False
2025-11-02,2025,9,False,HOUSTON TEXANS,,,DENVER BRONCOS,,,,NRG Stadium,False,,,,,,push,False,1.5,0,,,,,,HOU,DEN,2025-11-02,1.5,2025,9.0,2025-11-02 00:00:00+00:00,1.5,2025-11-02,1509.1642155837862,1509.1642155837862,1551.398580544742,1551.398580544742,-42.234364960955645,0.016890940031209944,AWAY,0.9831090599687901,True
2025-11-02,2025,9,False,NEW ENGLAND PATRIOTS,,,ATLANTA FALCONS,,,,Gillette Stadium,False,,,,,,push,False,5.5,0,,,,,,NE,ATL,2025-11-02,,2025,9.0,2025-11-02 00:00:00+00:00,5.5,2025-11-02,1526.8597093459307,1526.8597093459307,1480.215272936902,1480.215272936902,46.644436409028685,0.9933711625728757,HOME,0.9933711625728757,False
2025-11-02,2025,9,False,NEW YORK GIANTS,,,SAN FRANCISCO 49ERS,,,,MetLife Stadium,False,,,,,,push,False,-2.5,0,,,,,,NYG,SF,2025-11-02,,2025,9.0,2025-11-02 00:00:00+00:00,-2.5,2025-11-02,1446.0721417164705,1446.0721417164705,1503.3878596525856,1503.3878596525856,-57.31571793611511,0.0036710683291284263,AWAY,0.9963289316708716,True
2025-11-02,2025,9,False,PITTSBURGH STEELERS,,,INDIANAPOLIS COLTS,,,,Acrisure Stadium,False,,,,,,push,False,-3.5,0,,,,,,PIT,IND,2025-11-02,-3.5,2025,9.0,2025-11-02 00:00:00+00:00,-3.5,2025-11-02,1503.9678999855946,1503.9678999855946,1552.58186655004,1552.58186655004,-48.61396656444549,0.008878233231296532,AWAY,0.9911217667687034,True
2025-11-02,2025,9,False,TENNESSEE TITANS,,,LOS ANGELES CHARGERS,,,,Nissan Stadium,False,,,,,,push,False,-10.0,0,,,,,,TEN,LAC,2025-11-02,-10.0,2025,9.0,2025-11-02 00:00:00+00:00,-10.0,2025-11-02,1397.2035175707776,1397.2035175707776,1519.3671742076083,1519.3671742076083,-122.16365663683064,4.911595663059643e-06,AWAY,0.9999950884043369,True
2025-11-02,2025,9,False,LOS ANGELES RAMS,,,NEW ORLEANS SAINTS,,,,SoFi Stadium,False,,,,,,push,False,14.0,0,,,,,,LAR,NO,2025-11-02,,2025,9.0,2025-11-02 00:00:00+00:00,14.0,2025-11-02,1550.0564975059167,1550.0564975059167,1413.3329349242626,1413.3329349242626,136.72356258165405,0.9999993231621602,HOME,0.9999993231621602,False
2025-11-02,2025,9,False,LAS VEGAS RAIDERS,,,JACKSONVILLE JAGUARS,,,,Allegiant Stadium,False,,,,,,push,False,-2.5,0,,,,,,LV,JAX,2025-11-02,,2025,9.0,2025-11-02 00:00:00+00:00,-2.5,2025-11-02,1453.205492971343,1453.205492971343,1488.2450279685854,1488.2450279685854,-35.03953499724253,0.034575450679484025,AWAY,0.965424549320516,True
2025-11-02,2025,9,False,BUFFALO BILLS,,,KANSAS CITY CHIEFS,,,,Highmark Stadium,False,,,,,,push,False,-2.5,0,,,,,,BUF,KC,2025-11-02,,2025,9.0,2025-11-02 00:00:00+00:00,-2.5,2025-11-02,1549.637530706275,1549.637530706275,1562.4206899885637,1562.4206899885637,-12.783159282288807,0.2578304626670996,AWAY,0.7421695373329005,True
2025-11-03,2025,9,False,WASHINGTON COMMANDERS,,,SEATTLE SEAHAWKS,,,,Northwest Stadium,False,,,,,,push,False,-2.5,0,,,,,,WAS,SEA,2025-11-03,,2025,9.0,2025-11-03 00:00:00+00:00,-2.5,2025-11-02,1497.060452304688,1497.060452304688,1545.8576489852069,1545.8576489852069,-48.79719668051894,0.008715135260473203,AWAY,0.9912848647395268,True
2025-11-04,2025,9,False,DALLAS COWBOYS,,,ARIZONA CARDINALS,,,,AT&T Stadium,False,,,,,,push,False,3.5,0,,,,,,DAL,ARI,2025-11-04,,2025,9.0,2025-11-04 00:00:00+00:00,3.5,2025-11-03,1489.4435816304403,1489.4435816304403,1470.8413079831553,1470.8413079831553,18.602273647285074,0.8953746727951527,HOME,0.8953746727951527,False
2025-11-07,2025,10,False,DENVER BRONCOS,,,LAS VEGAS RAIDERS,,,,Empower Field at Mile High,False,,,,,,push,False,9.5,0,,,,,,DEN,LV,2025-11-07,,2025,10.0,2025-11-07 00:00:00+00:00,9.5,2025-11-06,1551.398580544742,1551.398580544742,1453.205492971343,1453.205492971343,98.193087573399,0.999965422250532,HOME,0.999965422250532,False
2025-11-09,2025,10,False,INDIANAPOLIS COLTS,,,ATLANTA FALCONS,,,,Olympic Stadium,False,,,,,,push,False,6.5,0,,,,,,IND,ATL,2025-11-09,6.5,2025,10.0,2025-11-09 00:00:00+00:00,6.5,2025-11-09,1552.58186655004,1552.58186655004,1480.215272936902,1480.215272936902,72.3665936131381,0.9995173057904748,HOME,0.9995173057904748,False
2025-11-09,2025,10,False,CAROLINA PANTHERS,,,NEW ORLEANS SAINTS,,,,Bank of America Stadium,False,,,,,,push,False,5.5,0,,,,,,CAR,NO,2025-11-09,,2025,10.0,2025-11-09 00:00:00+00:00,5.5,2025-11-09,1476.217037333052,1476.217037333052,1413.3329349242626,1413.3329349242626,62.88410240878943,0.9987301412309262,HOME,0.9987301412309262,False
2025-11-09,2025,10,False,CHICAGO BEARS,,,NEW YORK GIANTS,,,,Soldier Field,False,,,,,,push,False,4.5,0,,,,,,CHI,NYG,2025-11-09,3.5,2025,10.0,2025-11-09 00:00:00+00:00,4.5,2025-11-09,1483.9053820600925,1483.9053820600925,1446.0721417164705,1446.0721417164705,37.83324034362204,0.983859347124246,HOME,0.983859347124246,False
2025-11-09,2025,10,False,HOUSTON TEXANS,,,JACKSONVILLE JAGUARS,,,,NRG Stadium,False,,,,,,push,False,-1.5,0,,,,,,HOU,JAX,2025-11-09,1.5,2025,10.0,2025-11-09 00:00:00+00:00,-1.5,2025-11-09,1509.1642155837862,1509.1642155837862,1488.2450279685854,1488.2450279685854,20.919187615200826,0.9155518954240425,HOME,0.9155518954240425,False
2025-11-09,2025,10,False,MIAMI DOLPHINS,,,BUFFALO BILLS,,,,Hard Rock Stadium,False,,,,,,push,False,-9.5,0,,,,,,MIA,BUF,2025-11-09,-9.5,2025,10.0,2025-11-09 00:00:00+00:00,-9.5,2025-11-09,1467.4078119989765,1467.4078119989765,1549.637530706275,1549.637530706275,-82.22971870729839,0.00028950174531160633,AWAY,0.9997104982546884,True
2025-11-09,2025,10,False,MINNESOTA VIKINGS,,,BALTIMORE RAVENS,,,,U.S. Bank Stadium,False,,,,,,push,False,-3.5,0,,,,,,MIN,BAL,2025-11-09,-4.5,2025,10.0,2025-11-09 00:00:00+00:00,-3.5,2025-11-09,1494.4589648265137,1494.4589648265137,1486.609391227162,1486.609391227162,7.849573599351743,0.7406050687087694,HOME,0.7406050687087694,False
2025-11-09,2025,10,False,NEW YORK JETS,,,CLEVELAND BROWNS,,,,MetLife Stadium,False,,,,,,push,False,-2.5,0,,,,,,NYJ,CLE,2025-11-09,-2.5,2025,10.0,2025-11-09 00:00:00+00:00,-2.5,2025-11-09,1419.3533111685767,1419.3533111685767,1443.387396405011,1443.387396405011,-24.034085236434294,0.0992236996546766,AWAY,0.9007763003453234,True
2025-11-09,2025,10,False,TAMPA BAY BUCCANEERS,,,NEW ENGLAND PATRIOTS,,,,Raymond James Stadium,False,,,,,,push,False,2.5,0,,,,,,TB,NE,2025-11-09,,2025,10.0,2025-11-09 00:00:00+00:00,2.5,2025-11-09,1538.2044599454132,1538.2044599454132,1526.8597093459307,1526.8597093459307,11.344750599482495,0.8031244128325776,HOME,0.8031244128325776,False
2025-11-09,2025,10,False,SEATTLE SEAHAWKS,,,ARIZONA CARDINALS,,,,Lumen Field,False,,,,,,push,False,6.5,0,,,,,,SEA,ARI,2025-11-09,6.5,2025,10.0,2025-11-09 00:00:00+00:00,6.5,2025-11-09,1545.8576489852069,1545.8576489852069,1470.8413079831553,1470.8413079831553,75.0163410020516,0.9996316676633756,HOME,0.9996316676633756,False
2025-11-09,2025,10,False,SAN FRANCISCO 49ERS,,,LOS ANGELES RAMS,,,,Levi's Stadium,False,,,,,,push,False,-4.5,0,,,,,,SF,LAR,2025-11-09,,2025,10.0,2025-11-09 00:00:00+00:00,-4.5,2025-11-09,1503.3878596525856,1503.3878596525856,1550.0564975059167,1550.0564975059167,-46.66863785333112,0.010807628085237301,AWAY,0.9891923719147627,True
2025-11-09,2025,10,False,WASHINGTON COMMANDERS,,,DETROIT LIONS,,,,Northwest Stadium,False,,,,,,push,False,-8.5,0,,,,,,WAS,DET,2025-11-09,-8.5,2025,10.0,2025-11-09 00:00:00+00:00,-8.5,2025-11-09,1497.060452304688,1497.060452304688,1564.581067256348,1564.581067256348,-67.52061495166004,0.0012982869712367645,AWAY,0.9987017130287632,True
2025-11-10,2025,10,False,LOS ANGELES CHARGERS,,,PITTSBURGH STEELERS,,,,SoFi Stadium,False,,,,,,push,False,3.0,0,,,,,,LAC,PIT,2025-11-10,,2025,10.0,2025-11-10 00:00:00+00:00,3.0,2025-11-09,1519.3671742076083,1519.3671742076083,1503.9678999855946,1503.9678999855946,15.399274222013673,0.8605496974764208,HOME,0.8605496974764208,False
2025-11-11,2025,10,False,GREEN BAY PACKERS,,,PHILADELPHIA EAGLES,,,,Lambeau Field,False,,,,,,push,False,2.5,0,,,,,,GB,PHI,2025-11-11,,2025,10.0,2025-11-11 00:00:00+00:00,2.5,2025-11-10,1562.0330931715343,1562.0330931715343,1578.0304205642897,1578.0304205642897,-15.997327392755324,0.20014166598005703,AWAY,0.799858334019943,True
2025-11-14,2025,11,False,NEW ENGLAND PATRIOTS,,,NEW YORK JETS,,,,Gillette Stadium,False,,,,,,push,False,10.5,0,,,,,,NE,NYJ,2025-11-14,,2025,11.0,2025-11-14 00:00:00+00:00,10.5,2025-11-13,1526.8597093459307,1526.8597093459307,1419.3533111685767,1419.3533111685767,107.50639817735396,0.9999866376941486,HOME,0.9999866376941486,False
2025-11-16,2025,11,False,MIAMI DOLPHINS,,,WASHINGTON COMMANDERS,,,,Santiago Bernabeu Stadium,True,,,,,,push,False,-1.5,0,,,,,,MIA,WAS,2025-11-16,-1.5,2025,11.0,2025-11-16 00:00:00+00:00,-1.5,2025-11-16,1467.4078119989765,1467.4078119989765,1497.060452304688,1497.060452304688,-29.65264030571143,0.058443321466346156,AWAY,0.9415566785336539,True
2025-11-16,2025,11,False,ATLANTA FALCONS,,,CAROLINA PANTHERS,,,,Mercedes-Benz Stadium,False,,,,,,push,False,3.5,0,,,,,,ATL,CAR,2025-11-16,3.5,2025,11.0,2025-11-16 00:00:00+00:00,3.5,2025-11-16,1480.215272936902,1480.215272936902,1476.217037333052,1476.217037333052,3.9982356038499347,0.65834631894567,HOME,0.65834631894567,False
2025-11-16,2025,11,False,BUFFALO BILLS,,,TAMPA BAY BUCCANEERS,,,,Highmark Stadium,False,,,,,,push,False,6.0,0,,,,,,BUF,TB,2025-11-16,,2025,11.0,2025-11-16 00:00:00+00:00,6.0,2025-11-16,1549.637530706275,1549.637530706275,1538.2044599454132,1538.2044599454132,11.43307076086171,0.8045461801463724,HOME,0.8045461801463724,False
2025-11-16,2025,11,False,JACKSONVILLE JAGUARS,,,LOS ANGELES CHARGERS,,,,EverBank Stadium,False,,,,,,push,False,-1.5,0,,,,,,JAX,LAC,2025-11-16,-1.5,2025,11.0,2025-11-16 00:00:00+00:00,-1.5,2025-11-16,1488.2450279685854,1488.2450279685854,1519.3671742076083,1519.3671742076083,-31.122146239022868,0.05071445483809476,AWAY,0.9492855451619052,True
2025-11-16,2025,11,False,MINNESOTA VIKINGS,,,CHICAGO BEARS,,,,U.S. Bank Stadium,False,,,,,,push,False,2.5,0,,,,,,MIN,CHI,2025-11-16,2.5,2025,11.0,2025-11-16 00:00:00+00:00,2.5,2025-11-16,1494.4589648265137,1494.4589648265137,1483.9053820600925,1483.9053820600925,10.553582766421187,0.7900401577975619,HOME,0.7900401577975619,False
2025-11-16,2025,11,False,NEW YORK GIANTS,,,GREEN BAY PACKERS,,,,MetLife Stadium,False,,,,,,push,False,-7.0,0,,,,,,NYG,GB,2025-11-16,,2025,11.0,2025-11-16 00:00:00+00:00,-7.0,2025-11-16,1446.0721417164705,1446.0721417164705,1562.0330931715343,1562.0330931715343,-115.96095145506388,9.251885434318255e-06,AWAY,0.9999907481145657,True
2025-11-16,2025,11,False,PITTSBURGH STEELERS,,,CINCINNATI BENGALS,,,,Acrisure Stadium,False,,,,,,push,False,6.5,0,,,,,,PIT,CIN,2025-11-16,6.5,2025,11.0,2025-11-16 00:00:00+00:00,6.5,2025-11-16,1503.9678999855946,1503.9678999855946,1475.5703914811525,1475.5703914811525,28.397508504442158,0.9587844238977654,HOME,0.9587844238977654,False
2025-11-16,2025,11,False,TENNESSEE TITANS,,,HOUSTON TEXANS,,,,Nissan Stadium,False,,,,,,push,False,-7.5,0,,,,,,TEN,HOU,2025-11-16,-7.5,2025,11.0,2025-11-16 00:00:00+00:00,-7.5,2025-11-16,1397.2035175707776,1397.2035175707776,1509.1642155837862,1509.1642155837862,-111.9606980130086,1.3918344297911515e-05,AWAY,0.9999860816557021,True
2025-11-16,2025,11,False,ARIZONA CARDINALS,,,SAN FRANCISCO 49ERS,,,,State Farm Stadium,False,,,,,,push,False,-1.5,0,,,,,,ARI,SF,2025-11-16,,2025,11.0,2025-11-16 00:00:00+00:00,-1.5,2025-11-16,1470.8413079831553,1470.8413079831553,1503.3878596525856,1503.3878596525856,-32.5465516694303,0.04415388934136104,AWAY,0.955846110658639,True
2025-11-16,2025,11,False,LOS ANGELES RAMS,,,SEATTLE SEAHAWKS,,,,SoFi Stadium,False,,,,,,push,False,2.5,0,,,,,,LAR,SEA,2025-11-16,,2025,11.0,2025-11-16 00:00:00+00:00,2.5,2025-11-16,1550.0564975059167,1550.0564975059167,1545.8576489852069,1545.8576489852069,4.1988485207098165,0.662937880552681,HOME,0.662937880552681,False
2025-11-16,2025,11,False,CLEVELAND BROWNS,,,BALTIMORE RAVENS,,,,Huntington Bank Field,False,,,,,,push,False,-7.5,0,,,,,,CLE,BAL,2025-11-16,-7.5,2025,11.0,2025-11-16 00:00:00+00:00,-7.5,2025-11-16,1443.387396405011,1443.387396405011,1486.609391227162,1486.609391227162,-43.22199482215092,0.015295700847817824,AWAY,0.9847042991521822,True
2025-11-16,2025,11,False,DENVER BRONCOS,,,KANSAS CITY CHIEFS,,,,Empower Field at Mile High,False,,,,,,push,False,-3.0,0,,,,,,DEN,KC,2025-11-16,,2025,11.0,2025-11-16 00:00:00+00:00,-3.0,2025-11-16,1551.398580544742,1551.398580544742,1562.4206899885637,1562.4206899885637,-11.022109443821819,0.2936981286394734,AWAY,0.7063018713605266,True
2025-11-17,2025,11,False,PHILADELPHIA EAGLES,,,DETROIT LIONS,,,,Lincoln Financial Field,False,,,,,,push,False,1.5,0,,,,,,PHI,DET,2025-11-17,,2025,11.0,2025-11-17 00:00:00+00:00,1.5,2025-11-16,1578.0304205642897,1578.0304205642897,1564.581067256348,1564.581067256348,13.449353307941692,0.8349048897518728,HOME,0.8349048897518728,False
2025-11-18,2025,11,False,LAS VEGAS RAIDERS,,,DALLAS COWBOYS,,,,Allegiant Stadium,False,,,,,,push,False,-3.5,0,,,,,,LV,DAL,2025-11-18,,2025,11.0,2025-11-18 00:00:00+00:00,-3.5,2025-11-17,1453.205492971343,1453.205492971343,1489.4435816304403,1489.4435816304403,-36.23808865909746,0.030715697490136726,AWAY,0.9692843025098633,True
2025-11-21,2025,12,False,HOUSTON TEXANS,,,BUFFALO BILLS,,,,NRG Stadium,False,,,,,,push,False,,0,,,,,,HOU,BUF,2025-11-21,,2025,12.0,2025-11-21 00:00:00+00:00,,2025-11-20,1509.1642155837862,1509.1642155837862,1549.637530706275,1549.637530706275,-40.47331512248866,0.02015074500854974,AWAY,0.9798492549914503,True
2025-11-23,2025,12,False,BALTIMORE RAVENS,,,NEW YORK JETS,,,,M&T Bank Stadium,False,,,,,,push,False,,0,,,,,,BAL,NYJ,2025-11-23,,2025,12.0,2025-11-23 00:00:00+00:00,,2025-11-23,1486.609391227162,1486.609391227162,1419.3533111685767,1419.3533111685767,67.25608005858521,0.9991869569931356,HOME,0.9991869569931356,False
2025-11-23,2025,12,False,CHICAGO BEARS,,,PITTSBURGH STEELERS,,,,Soldier Field,False,,,,,,push,False,,0,,,,,,CHI,PIT,2025-11-23,,2025,12.0,2025-11-23 00:00:00+00:00,,2025-11-23,1483.9053820600925,1483.9053820600925,1503.9678999855946,1503.9678999855946,-20.062517925502107,0.14179950743293832,AWAY,0.8582004925670617,True
2025-11-23,2025,12,False,CINCINNATI BENGALS,,,NEW ENGLAND PATRIOTS,,,,Paycor Stadium,False,,,,,,push,False,,0,,,,,,CIN,NE,2025-11-23,,2025,12.0,2025-11-23 00:00:00+00:00,,2025-11-23,1475.5703914811525,1475.5703914811525,1526.8597093459307,1526.8597093459307,-51.28931786477824,0.0067706745573062315,AWAY,0.9932293254426938,True
2025-11-23,2025,12,False,DETROIT LIONS,,,NEW YORK GIANTS,,,,Ford Field,False,,,,,,push,False,,0,,,,,,DET,NYG,2025-11-23,,2025,12.0,2025-11-23 00:00:00+00:00,,2025-11-23,1564.581067256348,1564.581067256348,1446.0721417164705,1446.0721417164705,118.50892553987751,0.9999956542379682,HOME,0.9999956542379682,False
2025-11-23,2025,12,False,GREEN BAY PACKERS,,,MINNESOTA VIKINGS,,,,Lambeau Field,False,,,,,,push,False,,0,,,,,,GB,MIN,2025-11-23,,2025,12.0,2025-11-23 00:00:00+00:00,,2025-11-23,1562.0330931715343,1562.0330931715343,1494.4589648265137,1494.4589648265137,67.57412834502065,0.9992129116516406,HOME,0.9992129116516406,False
2025-11-23,2025,12,False,KANSAS CITY CHIEFS,,,INDIANAPOLIS COLTS,,,,GEHA Field at Arrowhead Stadium,False,,,,,,push,False,,0,,,,,,KC,IND,2025-11-23,,2025,12.0,2025-11-23 00:00:00+00:00,,2025-11-23,1562.4206899885637,1562.4206899885637,1552.58186655004,1552.58186655004,9.838823438523605,0.7776800905483895,HOME,0.7776800905483895,False
2025-11-23,2025,12,False,TENNESSEE TITANS,,,SEATTLE SEAHAWKS,,,,Nissan Stadium,False,,,,,,push,False,,0,,,,,,TEN,SEA,2025-11-23,,2025,12.0,2025-11-23 00:00:00+00:00,,2025-11-23,1397.2035175707776,1397.2035175707776,1545.8576489852069,1545.8576489852069,-148.65413141442923,3.2863637372103905e-07,AWAY,0.9999996713636263,True
2025-11-23,2025,12,False,ARIZONA CARDINALS,,,JACKSONVILLE JAGUARS,,,,State Farm Stadium,False,,,,,,push,False,,0,,,,,,ARI,JAX,2025-11-23,,2025,12.0,2025-11-23 00:00:00+00:00,,2025-11-23,1470.8413079831553,1470.8413079831553,1488.2450279685854,1488.2450279685854,-17.403719985430143,0.17814187500452738,AWAY,0.8218581249954726,True
2025-11-23,2025,12,False,LAS VEGAS RAIDERS,,,CLEVELAND BROWNS,,,,Allegiant Stadium,False,,,,,,push,False,,0,,,,,,LV,CLE,2025-11-23,,2025,12.0,2025-11-23 00:00:00+00:00,,2025-11-23,1453.205492971343,1453.205492971343,1443.387396405011,1443.387396405011,9.81809656633186,0.7773140320593874,HOME,0.7773140320593874,False
2025-11-23,2025,12,False,DALLAS COWBOYS,,,PHILADELPHIA EAGLES,,,,AT&T Stadium,False,,,,,,push,False,,0,,,,,,DAL,PHI,2025-11-23,,2025,12.0,2025-11-23 00:00:00+00:00,,2025-11-23,1489.4435816304403,1489.4435816304403,1578.0304205642897,1578.0304205642897,-88.58683893384932,0.00015130573473492773,AWAY,0.9998486942652651,True
2025-11-23,2025,12,False,NEW ORLEANS SAINTS,,,ATLANTA FALCONS,,,,Caesars Superdome,False,,,,,,push,False,,0,,,,,,NO,ATL,2025-11-23,,2025,12.0,2025-11-23 00:00:00+00:00,,2025-11-23,1413.3329349242626,1413.3329349242626,1480.215272936902,1480.215272936902,-66.88233801263937,0.0013855813848730034,AWAY,0.998614418615127,True
2025-11-24,2025,12,False,LOS ANGELES RAMS,,,TAMPA BAY BUCCANEERS,,,,SoFi Stadium,False,,,,,,push,False,,0,,,,,,LAR,TB,2025-11-24,,2025,12.0,2025-11-24 00:00:00+00:00,,2025-11-23,1550.0564975059167,1550.0564975059167,1538.2044599454132,1538.2044599454132,11.852037560503504,0.8111846966234066,HOME,0.8111846966234066,False
2025-11-25,2025,12,False,SAN FRANCISCO 49ERS,,,CAROLINA PANTHERS,,,,Levi's Stadium,False,,,,,,push,False,,0,,,,,,SF,CAR,2025-11-25,,2025,12.0,2025-11-25 00:00:00+00:00,,2025-11-24,1503.3878596525856,1503.3878596525856,1476.217037333052,1476.217037333052,27.1708223195335,0.9535412509038339,HOME,0.9535412509038339,False
2025-11-27,2025,13,False,DETROIT LIONS,,,GREEN BAY PACKERS,,,,Ford Field,False,,,,,,push,False,,0,,,,,,DET,GB,2025-11-27,,2025,13.0,2025-11-27 00:00:00+00:00,,2025-11-27,1564.581067256348,1564.581067256348,1562.0330931715343,1562.0330931715343,2.5479740848136316,0.6243085759431842,HOME,0.6243085759431842,False
2025-11-27,2025,13,False,DALLAS COWBOYS,,,KANSAS CITY CHIEFS,,,,AT&T Stadium,False,,,,,,push,False,,0,,,,,,DAL,KC,2025-11-27,,2025,13.0,2025-11-27 00:00:00+00:00,,2025-11-27,1489.4435816304403,1489.4435816304403,1562.4206899885637,1562.4206899885637,-72.97710835812336,0.0007441952152636051,AWAY,0.9992558047847364,True
2025-11-28,2025,13,False,BALTIMORE RAVENS,,,CINCINNATI BENGALS,,,,M&T Bank Stadium,False,,,,,,push,False,,0,,,,,,BAL,CIN,2025-11-28,,2025,13.0,2025-11-28 00:00:00+00:00,,2025-11-27,1486.609391227162,1486.609391227162,1475.5703914811525,1475.5703914811525,11.038999746009495,0.7981422513151358,HOME,0.7981422513151358,False
2025-11-28,2025,13,False,PHILADELPHIA EAGLES,,,CHICAGO BEARS,,,,Lincoln Financial Field,False,,,,,,push,False,,0,,,,,,PHI,CHI,2025-11-28,,2025,13.0,2025-11-28 00:00:00+00:00,,2025-11-28,1578.0304205642897,1578.0304205642897,1483.9053820600925,1483.9053820600925,94.12503850419716,0.9999476213615925,HOME,0.9999476213615925,False
2025-11-30,2025,13,False,CAROLINA PANTHERS,,,LOS ANGELES RAMS,,,,Bank of America Stadium,False,,,,,,push,False,,0,,,,,,CAR,LAR,2025-11-30,,2025,13.0,2025-11-30 00:00:00+00:00,,2025-11-30,1476.217037333052,1476.217037333052,1550.0564975059167,1550.0564975059167,-73.83946017286462,0.0006815221783279105,AWAY,0.999318477821672,True
2025-11-30,2025,13,False,CLEVELAND BROWNS,,,SAN FRANCISCO 49ERS,,,,Huntington Bank Field,False,,,,,,push,False,,0,,,,,,CLE,SF,2025-11-30,,2025,13.0,2025-11-30 00:00:00+00:00,,2025-11-30,1443.387396405011,1443.387396405011,1503.3878596525856,1503.3878596525856,-60.000463247574544,0.0027934520128322727,AWAY,0.9972065479871677,True
2025-11-30,2025,13,False,INDIANAPOLIS COLTS,,,HOUSTON TEXANS,,,,Lucas Oil Stadium,False,,,,,,push,False,,0,,,,,,IND,HOU,2025-11-30,,2025,13.0,2025-11-30 00:00:00+00:00,,2025-11-30,1552.58186655004,1552.58186655004,1509.1642155837862,1509.1642155837862,43.41765096625386,0.990808599941961,HOME,0.990808599941961,False
2025-11-30,2025,13,False,MIAMI DOLPHINS,,,NEW ORLEANS SAINTS,,,,Hard Rock Stadium,False,,,,,,push,False,,0,,,,,,MIA,NO,2025-11-30,,2025,13.0,2025-11-30 00:00:00+00:00,,2025-11-30,1467.4078119989765,1467.4078119989765,1413.3329349242626,1413.3329349242626,54.07487707471387,0.9968845054431875,HOME,0.9968845054431875,False
2025-11-30,2025,13,False,NEW YORK JETS,,,ATLANTA FALCONS,,,,MetLife Stadium,False,,,,,,push,False,,0,,,,,,NYJ,ATL,2025-11-30,,2025,13.0,2025-11-30 00:00:00+00:00,,2025-11-30,1419.3533111685767,1419.3533111685767,1480.215272936902,1480.215272936902,-60.86196176832527,0.0025588632890364473,AWAY,0.9974411367109636,True
2025-11-30,2025,13,False,TAMPA BAY BUCCANEERS,,,ARIZONA CARDINALS,,,,Raymond James Stadium,False,,,,,,push,False,,0,,,,,,TB,ARI,2025-11-30,,2025,13.0,2025-11-30 00:00:00+00:00,,2025-11-30,1538.2044599454132,1538.2044599454132,1470.8413079831553,1470.8413079831553,67.36315196225792,0.9991957888182118,HOME,0.9991957888182118,False
2025-11-30,2025,13,False,TENNESSEE TITANS,,,JACKSONVILLE JAGUARS,,,,Nissan Stadium,False,,,,,,push,False,,0,,,,,,TEN,JAX,2025-11-30,,2025,13.0,2025-11-30 00:00:00+00:00,,2025-11-30,1397.2035175707776,1397.2035175707776,1488.2450279685854,1488.2450279685854,-91.04151039780777,0.00011777066116424905,AWAY,0.9998822293388357,True
2025-11-30,2025,13,False,SEATTLE SEAHAWKS,,,MINNESOTA VIKINGS,,,,Lumen Field,False,,,,,,push,False,,0,,,,,,SEA,MIN,2025-11-30,,2025,13.0,2025-11-30 00:00:00+00:00,,2025-11-30,1545.8576489852069,1545.8576489852069,1494.4589648265137,1494.4589648265137,51.398684158693186,0.9959096869053865,HOME,0.9959096869053865,False
2025-11-30,2025,13,False,LOS ANGELES CHARGERS,,,LAS VEGAS RAIDERS,,,,SoFi Stadium,False,,,,,,push,False,,0,,,,,,LAC,LV,2025-11-30,,2025,13.0,2025-11-30 00:00:00+00:00,,2025-11-30,1519.3671742076083,1519.3671742076083,1453.205492971343,1453.205492971343,66.1616812362654,0.9990909365960622,HOME,0.9990909365960622,False
2025-11-30,2025,13,False,PITTSBURGH STEELERS,,,BUFFALO BILLS,,,,Acrisure Stadium,False,,,,,,push,False,,0,,,,,,PIT,BUF,2025-11-30,,2025,13.0,2025-11-30 00:00:00+00:00,,2025-11-30,1503.9678999855946,1503.9678999855946,1549.637530706275,1549.637530706275,-45.66963072068029,0.011954178252464533,AWAY,0.9880458217475354,True
2025-12-01,2025,13,False,WASHINGTON COMMANDERS,,,DENVER BRONCOS,,,,Northwest Stadium,False,,,,,,push,False,,0,,,,,,WAS,DEN,2025-12-01,,2025,13.0,2025-12-01 00:00:00+00:00,,2025-11-30,1497.060452304688,1497.060452304688,1551.398580544742,1551.398580544742,-54.33812824005395,0.004968713385325565,AWAY,0.9950312866146744,True
2025-12-02,2025,13,False,NEW ENGLAND PATRIOTS,,,NEW YORK GIANTS,,,,Gillette Stadium,False,,,,,,push,False,,0,,,,,,NE,NYG,2025-12-02,,2025,13.0,2025-12-02 00:00:00+00:00,,2025-12-01,1526.8597093459307,1526.8597093459307,1446.0721417164705,1446.0721417164705,80.78756762946023,0.9997956229967644,HOME,0.9997956229967644,False
2025-12-05,2025,14,False,DETROIT LIONS,,,DALLAS COWBOYS,,,,Ford Field,False,,,,,,push,False,,0,,,,,,DET,DAL,2025-12-05,,2025,14.0,2025-12-05 00:00:00+00:00,,2025-12-04,1564.581067256348,1564.581067256348,1489.4435816304403,1489.4435816304403,75.13748562590763,0.9996361933598239,HOME,0.9996361933598239,False
2025-12-07,2025,14,False,ATLANTA FALCONS,,,SEATTLE SEAHAWKS,,,,Mercedes-Benz Stadium,False,,,,,,push,False,,0,,,,,,ATL,SEA,2025-12-07,,2025,14.0,2025-12-07 00:00:00+00:00,,2025-12-07,1480.215272936902,1480.215272936902,1545.8576489852069,1545.8576489852069,-65.64237604830487,0.0015722698001460825,AWAY,0.9984277301998539,True
2025-12-07,2025,14,False,BALTIMORE RAVENS,,,PITTSBURGH STEELERS,,,,M&T Bank Stadium,False,,,,,,push,False,,0,,,,,,BAL,PIT,2025-12-07,,2025,14.0,2025-12-07 00:00:00+00:00,,2025-12-07,1486.609391227162,1486.609391227162,1503.9678999855946,1503.9678999855946,-17.358508758432663,0.17881863757576982,AWAY,0.8211813624242301,True
2025-12-07,2025,14,False,CLEVELAND BROWNS,,,TENNESSEE TITANS,,,,Huntington Bank Field,False,,,,,,push,False,,0,,,,,,CLE,TEN,2025-12-07,,2025,14.0,2025-12-07 00:00:00+00:00,,2025-12-07,1443.387396405011,1443.387396405011,1397.2035175707776,1397.2035175707776,46.18387883423338,0.9930542595069848,HOME,0.9930542595069848,False
2025-12-07,2025,14,False,GREEN BAY PACKERS,,,CHICAGO BEARS,,,,Lambeau Field,False,,,,,,push,False,,0,,,,,,GB,CHI,2025-12-07,,2025,14.0,2025-12-07 00:00:00+00:00,,2025-12-07,1562.0330931715343,1562.0330931715343,1483.9053820600925,1483.9053820600925,78.12771111144184,0.9997318767511088,HOME,0.9997318767511088,False
2025-12-07,2025,14,False,JACKSONVILLE JAGUARS,,,INDIANAPOLIS COLTS,,,,EverBank Stadium,False,,,,,,push,False,,0,,,,,,JAX,IND,2025-12-07,,2025,14.0,2025-12-07 00:00:00+00:00,,2025-12-07,1488.2450279685854,1488.2450279685854,1552.58186655004,1552.58186655004,-64.33683858145469,0.0017960291650855778,AWAY,0.9982039708349144,True
2025-12-07,2025,14,False,MINNESOTA VIKINGS,,,WASHINGTON COMMANDERS,,,,U.S. Bank Stadium,False,,,,,,push,False,,0,,,,,,MIN,WAS,2025-12-07,,2025,14.0,2025-12-07 00:00:00+00:00,,2025-12-07,1494.4589648265137,1494.4589648265137,1497.060452304688,1497.060452304688,-2.601487478174249,0.4955424220674576,PASS,0.5044575779325424,
2025-12-07,2025,14,False,NEW YORK JETS,,,MIAMI DOLPHINS,,,,MetLife Stadium,False,,,,,,push,False,,0,,,,,,NYJ,MIA,2025-12-07,,2025,14.0,2025-12-07 00:00:00+00:00,,2025-12-07,1419.3533111685767,1419.3533111685767,1467.4078119989765,1467.4078119989765,-48.054500830399775,0.009395178205867329,AWAY,0.9906048217941327,True
2025-12-07,2025,14,False,TAMPA BAY BUCCANEERS,,,NEW ORLEANS SAINTS,,,,Raymond James Stadium,False,,,,,,push,False,,0,,,,,,TB,NO,2025-12-07,,2025,14.0,2025-12-07 00:00:00+00:00,,2025-12-07,1538.2044599454132,1538.2044599454132,1413.3329349242626,1413.3329349242626,124.87152502115055,0.999997730301971,HOME,0.999997730301971,False
2025-12-07,2025,14,False,LAS VEGAS RAIDERS,,,DENVER BRONCOS,,,,Allegiant Stadium,False,,,,,,push,False,,0,,,,,,LV,DEN,2025-12-07,,2025,14.0,2025-12-07 00:00:00+00:00,,2025-12-07,1453.205492971343,1453.205492971343,1551.398580544742,1551.398580544742,-98.193087573399,5.675235994073549e-05,AWAY,0.9999432476400593,True
2025-12-07,2025,14,False,ARIZONA CARDINALS,,,LOS ANGELES RAMS,,,,State Farm Stadium,False,,,,,,push,False,,0,,,,,,ARI,LAR,2025-12-07,,2025,14.0,2025-12-07 00:00:00+00:00,,2025-12-07,1470.8413079831553,1470.8413079831553,1550.0564975059167,1550.0564975059167,-79.21518952276142,0.00039378679661359413,AWAY,0.9996062132033864,True
2025-12-07,2025,14,False,BUFFALO BILLS,,,CINCINNATI BENGALS,,,,Highmark Stadium,False,,,,,,push,False,,0,,,,,,BUF,CIN,2025-12-07,,2025,14.0,2025-12-07 00:00:00+00:00,,2025-12-07,1549.637530706275,1549.637530706275,1475.5703914811525,1475.5703914811525,74.06713922512245,0.9995942034422732,HOME,0.9995942034422732,False
2025-12-08,2025,14,False,KANSAS CITY CHIEFS,,,HOUSTON TEXANS,,,,GEHA Field at Arrowhead Stadium,False,,,,,,push,False,,0,,,,,,KC,HOU,2025-12-08,,2025,14.0,2025-12-08 00:00:00+00:00,,2025-12-07,1562.4206899885637,1562.4206899885637,1509.1642155837862,1509.1642155837862,53.256474404777464,0.9966139399797429,HOME,0.9966139399797429,False
2025-12-09,2025,14,False,LOS ANGELES CHARGERS,,,PHILADELPHIA EAGLES,,,,SoFi Stadium,False,,,,,,push,False,,0,,,,,,LAC,PHI,2025-12-09,,2025,14.0,2025-12-09 00:00:00+00:00,,2025-12-08,1519.3671742076083,1519.3671742076083,1578.0304205642897,1578.0304205642897,-58.663246356681384,0.0032007519624175393,AWAY,0.9967992480375825,True
2025-12-12,2025,15,False,TAMPA BAY BUCCANEERS,,,ATLANTA FALCONS,,,,Raymond James Stadium,False,,,,,,push,False,,0,,,,,,TB,ATL,2025-12-12,,2025,15.0,2025-12-12 00:00:00+00:00,,2025-12-11,1538.2044599454132,1538.2044599454132,1480.215272936902,1480.215272936902,57.98918700851118,0.9979086627749219,HOME,0.9979086627749219,False
2025-12-14,2025,15,False,CHICAGO BEARS,,,CLEVELAND BROWNS,,,,Soldier Field,False,,,,,,push,False,,0,,,,,,CHI,CLE,2025-12-14,,2025,15.0,2025-12-14 00:00:00+00:00,,2025-12-14,1483.9053820600925,1483.9053820600925,1443.387396405011,1443.387396405011,40.517985655081475,0.9876811206639974,HOME,0.9876811206639974,False
2025-12-14,2025,15,False,CINCINNATI BENGALS,,,BALTIMORE RAVENS,,,,Paycor Stadium,False,,,,,,push,False,,0,,,,,,CIN,BAL,2025-12-14,,2025,15.0,2025-12-14 00:00:00+00:00,,2025-12-14,1475.5703914811525,1475.5703914811525,1486.609391227162,1486.609391227162,-11.038999746009495,0.2933405622681443,AWAY,0.7066594377318557,True
2025-12-14,2025,15,False,HOUSTON TEXANS,,,ARIZONA CARDINALS,,,,NRG Stadium,False,,,,,,push,False,,0,,,,,,HOU,ARI,2025-12-14,,2025,15.0,2025-12-14 00:00:00+00:00,,2025-12-14,1509.1642155837862,1509.1642155837862,1470.8413079831553,1470.8413079831553,38.32290760063097,0.9846342895288598,HOME,0.9846342895288598,False
2025-12-14,2025,15,False,JACKSONVILLE JAGUARS,,,NEW YORK JETS,,,,EverBank Stadium,False,,,,,,push,False,,0,,,,,,JAX,NYJ,2025-12-14,,2025,15.0,2025-12-14 00:00:00+00:00,,2025-12-14,1488.2450279685854,1488.2450279685854,1419.3533111685767,1419.3533111685767,68.89171680000868,0.9993119047675824,HOME,0.9993119047675824,False
2025-12-14,2025,15,False,KANSAS CITY CHIEFS,,,LOS ANGELES CHARGERS,,,,GEHA Field at Arrowhead Stadium,False,,,,,,push,False,,0,,,,,,KC,LAC,2025-12-14,,2025,15.0,2025-12-14 00:00:00+00:00,,2025-12-14,1562.4206899885637,1562.4206899885637,1519.3671742076083,1519.3671742076083,43.05351578095542,0.9904638036786112,HOME,0.9904638036786112,False
2025-12-14,2025,15,False,NEW ENGLAND PATRIOTS,,,BUFFALO BILLS,,,,Gillette Stadium,False,,,,,,push,False,,0,,,,,,NE,BUF,2025-12-14,,2025,15.0,2025-12-14 00:00:00+00:00,,2025-12-14,1526.8597093459307,1526.8597093459307,1549.637530706275,1549.637530706275,-22.777821360344205,0.11129031843213034,AWAY,0.8887096815678697,True
2025-12-14,2025,15,False,NEW YORK GIANTS,,,WASHINGTON COMMANDERS,,,,MetLife Stadium,False,,,,,,push,False,,0,,,,,,NYG,WAS,2025-12-14,,2025,15.0,2025-12-14 00:00:00+00:00,,2025-12-14,1446.0721417164705,1446.0721417164705,1497.060452304688,1497.060452304688,-50.98831058821747,0.006980490734730088,AWAY,0.9930195092652699,True
2025-12-14,2025,15,False,PHILADELPHIA EAGLES,,,LAS VEGAS RAIDERS,,,,Lincoln Financial Field,False,,,,,,push,False,,0,,,,,,PHI,LV,2025-12-14,,2025,15.0,2025-12-14 00:00:00+00:00,,2025-12-14,1578.0304205642897,1578.0304205642897,1453.205492971343,1453.205492971343,124.82492759294678,0.999997719479044,HOME,0.999997719479044,False
2025-12-14,2025,15,False,DENVER BRONCOS,,,GREEN BAY PACKERS,,,,Empower Field at Mile High,False,,,,,,push,False,,0,,,,,,DEN,GB,2025-12-14,,2025,15.0,2025-12-14 00:00:00+00:00,,2025-12-14,1551.398580544742,1551.398580544742,1562.0330931715343,1562.0330931715343,-10.634512626792457,0.301972913652525,AWAY,0.698027086347475,True
2025-12-14,2025,15,False,LOS ANGELES RAMS,,,DETROIT LIONS,,,,SoFi Stadium,False,,,,,,push,False,,0,,,,,,LAR,DET,2025-12-14,,2025,15.0,2025-12-14 00:00:00+00:00,,2025-12-14,1550.0564975059167,1550.0564975059167,1564.581067256348,1564.581067256348,-14.524569750431283,0.22529778955935534,AWAY,0.7747022104406447,True
2025-12-14,2025,15,False,NEW ORLEANS SAINTS,,,CAROLINA PANTHERS,,,,Caesars Superdome,False,,,,,,push,False,,0,,,,,,NO,CAR,2025-12-14,,2025,15.0,2025-12-14 00:00:00+00:00,,2025-12-14,1413.3329349242626,1413.3329349242626,1476.217037333052,1476.217037333052,-62.88410240878943,0.0020825656872350187,AWAY,0.997917434312765,True
2025-12-14,2025,15,False,SEATTLE SEAHAWKS,,,INDIANAPOLIS COLTS,,,,Lumen Field,False,,,,,,push,False,,0,,,,,,SEA,IND,2025-12-14,,2025,15.0,2025-12-14 00:00:00+00:00,,2025-12-14,1545.8576489852069,1545.8576489852069,1552.58186655004,1552.58186655004,-6.724217564833225,0.39204615119005026,AWAY,0.6079538488099497,True
2025-12-14,2025,15,False,SAN FRANCISCO 49ERS,,,TENNESSEE TITANS,,,,Levi's Stadium,False,,,,,,push,False,,0,,,,,,SF,TEN,2025-12-14,,2025,15.0,2025-12-14 00:00:00+00:00,,2025-12-14,1503.3878596525856,1503.3878596525856,1397.2035175707776,1397.2035175707776,106.18434208180793,0.9999847068619109,HOME,0.9999847068619109,False
2025-12-15,2025,15,False,DALLAS COWBOYS,,,MINNESOTA VIKINGS,,,,AT&T Stadium,False,,,,,,push,False,,0,,,,,,DAL,MIN,2025-12-15,,2025,15.0,2025-12-15 00:00:00+00:00,,2025-12-14,1489.4435816304403,1489.4435816304403,1494.4589648265137,1494.4589648265137,-5.015383196073344,0.4343155977494637,AWAY,0.5656844022505363,True
2025-12-16,2025,15,False,PITTSBURGH STEELERS,,,MIAMI DOLPHINS,,,,Acrisure Stadium,False,,,,,,push,False,,0,,,,,,PIT,MIA,2025-12-16,,2025,15.0,2025-12-16 00:00:00+00:00,,2025-12-15,1503.9678999855946,1503.9678999855946,1467.4078119989765,1467.4078119989765,36.5600879866181,0.9816600978664531,HOME,0.9816600978664531,False
2025-12-19,2025,16,False,SEATTLE SEAHAWKS,,,LOS ANGELES RAMS,,,,Lumen Field,False,,,,,,push,False,,0,,,,,,SEA,LAR,2025-12-19,,2025,16.0,2025-12-19 00:00:00+00:00,,2025-12-18,1545.8576489852069,1545.8576489852069,1550.0564975059167,1550.0564975059167,-4.1988485207098165,0.4548966827121005,AWAY,0.5451033172878995,True
2025-12-21,2025,16,False,BALTIMORE RAVENS,,,NEW ENGLAND PATRIOTS,,,,M&T Bank Stadium,False,,,,,,push,False,,0,,,,,,BAL,NE,2025-12-21,,2025,16.0,2025-12-21 00:00:00+00:00,,2025-12-21,1486.609391227162,1486.609391227162,1526.8597093459307,1526.8597093459307,-40.250318118768746,0.020605191868799482,AWAY,0.9793948081312005,True
2025-12-21,2025,16,False,CAROLINA PANTHERS,,,TAMPA BAY BUCCANEERS,,,,Bank of America Stadium,False,,,,,,push,False,,0,,,,,,CAR,TB,2025-12-21,,2025,16.0,2025-12-21 00:00:00+00:00,,2025-12-21,1476.217037333052,1476.217037333052,1538.2044599454132,1538.2044599454132,-61.987422612361115,0.0022817503897609986,AWAY,0.997718249610239,True
2025-12-21,2025,16,False,CLEVELAND BROWNS,,,BUFFALO BILLS,,,,Huntington Bank Field,False,,,,,,push,False,,0,,,,,,CLE,BUF,2025-12-21,,2025,16.0,2025-12-21 00:00:00+00:00,,2025-12-21,1443.387396405011,1443.387396405011,1549.637530706275,1549.637530706275,-106.25013430126387,2.4932867257346752e-05,AWAY,0.9999750671327426,True
2025-12-21,2025,16,False,DALLAS COWBOYS,,,LOS ANGELES CHARGERS,,,,AT&T Stadium,False,,,,,,push,False,,0,,,,,,DAL,LAC,2025-12-21,,2025,16.0,2025-12-21 00:00:00+00:00,,2025-12-21,1489.4435816304403,1489.4435816304403,1519.3671742076083,1519.3671742076083,-29.923592577167938,0.056939637053095564,AWAY,0.9430603629469044,True
2025-12-21,2025,16,False,NEW ORLEANS SAINTS,,,NEW YORK JETS,,,,Caesars Superdome,False,,,,,,push,False,,0,,,,,,NO,NYJ,2025-12-21,,2025,16.0,2025-12-21 00:00:00+00:00,,2025-12-21,1413.3329349242626,1413.3329349242626,1419.3533111685767,1419.3533111685767,-6.020376244314093,0.409298910077709,AWAY,0.590701089922291,True
2025-12-21,2025,16,False,NEW YORK GIANTS,,,MINNESOTA VIKINGS,,,,MetLife Stadium,False,,,,,,push,False,,0,,,,,,NYG,MIN,2025-12-21,,2025,16.0,2025-12-21 00:00:00+00:00,,2025-12-21,1446.0721417164705,1446.0721417164705,1494.4589648265137,1494.4589648265137,-48.386823110043224,0.009084624248099128,AWAY,0.9909153757519009,True
2025-12-21,2025,16,False,TENNESSEE TITANS,,,KANSAS CITY CHIEFS,,,,Nissan Stadium,False,,,,,,push,False,,0,,,,,,TEN,KC,2025-12-21,,2025,16.0,2025-12-21 00:00:00+00:00,,2025-12-21,1397.2035175707776,1397.2035175707776,1562.4206899885637,1562.4206899885637,-165.21717241778606,6.058424566171513e-08,AWAY,0.9999999394157544,True
2025-12-21,2025,16,False,ARIZONA CARDINALS,,,ATLANTA FALCONS,,,,State Farm Stadium,False,,,,,,push,False,,0,,,,,,ARI,ATL,2025-12-21,,2025,16.0,2025-12-21 00:00:00+00:00,,2025-12-21,1470.8413079831553,1470.8413079831553,1480.215272936902,1480.215272936902,-9.373964953746736,0.32976866290847845,AWAY,0.6702313370915216,True
2025-12-21,2025,16,False,DENVER BRONCOS,,,JACKSONVILLE JAGUARS,,,,Empower Field at Mile High,False,,,,,,push,False,,0,,,,,,DEN,JAX,2025-12-21,,2025,16.0,2025-12-21 00:00:00+00:00,,2025-12-21,1551.398580544742,1551.398580544742,1488.2450279685854,1488.2450279685854,63.15355257615647,0.9987645540037481,HOME,0.9987645540037481,False
2025-12-21,2025,16,False,DETROIT LIONS,,,PITTSBURGH STEELERS,,,,Ford Field,False,,,,,,push,False,,0,,,,,,DET,PIT,2025-12-21,,2025,16.0,2025-12-21 00:00:00+00:00,,2025-12-21,1564.581067256348,1564.581067256348,1503.9678999855946,1503.9678999855946,60.613167270753365,0.998399343763465,HOME,0.998399343763465,False
2025-12-21,2025,16,False,HOUSTON TEXANS,,,LAS VEGAS RAIDERS,,,,NRG Stadium,False,,,,,,push,False,,0,,,,,,HOU,LV,2025-12-21,,2025,16.0,2025-12-21 00:00:00+00:00,,2025-12-21,1509.1642155837862,1509.1642155837862,1453.205492971343,1453.205492971343,55.95872261244335,0.9974281853154112,HOME,0.9974281853154112,False
2025-12-22,2025,16,False,CHICAGO BEARS,,,GREEN BAY PACKERS,,,,Soldier Field,False,,,,,,push,False,,0,,,,,,CHI,GB,2025-12-22,,2025,16.0,2025-12-22 00:00:00+00:00,,2025-12-19,1483.9053820600925,1483.9053820600925,1562.0330931715343,1562.0330931715343,-78.12771111144184,0.00044000400837701194,AWAY,0.999559995991623,True
2025-12-22,2025,16,False,WASHINGTON COMMANDERS,,,PHILADELPHIA EAGLES,,,,Northwest Stadium,False,,,,,,push,False,,0,,,,,,WAS,PHI,2025-12-22,,2025,16.0,2025-12-22 00:00:00+00:00,,2025-12-19,1497.060452304688,1497.060452304688,1578.0304205642897,1578.0304205642897,-80.96996825960173,0.0003292209957653134,AWAY,0.9996707790042347,True
2025-12-22,2025,16,False,MIAMI DOLPHINS,,,CINCINNATI BENGALS,,,,Hard Rock Stadium,False,,,,,,push,False,,0,,,,,,MIA,CIN,2025-12-22,,2025,16.0,2025-12-22 00:00:00+00:00,,2025-12-21,1467.4078119989765,1467.4078119989765,1475.5703914811525,1475.5703914811525,-8.162579482175943,0.35765390732871477,AWAY,0.6423460926712852,True
2025-12-23,2025,16,False,INDIANAPOLIS COLTS,,,SAN FRANCISCO 49ERS,,,,Lucas Oil Stadium,False,,,,,,push,False,,0,,,,,,IND,SF,2025-12-23,,2025,16.0,2025-12-23 00:00:00+00:00,,2025-12-22,1552.58186655004,1552.58186655004,1503.3878596525856,1503.3878596525856,49.19400689745453,0.9948825072975788,HOME,0.9948825072975788,False
2025-12-25,2025,17,False,WASHINGTON COMMANDERS,,,DALLAS COWBOYS,,,,Northwest Stadium,False,,,,,,push,False,,0,,,,,,WAS,DAL,2025-12-25,,2025,17.0,2025-12-25 00:00:00+00:00,,2025-12-25,1497.060452304688,1497.060452304688,1489.4435816304403,1489.4435816304403,7.616870674247593,0.7360151892542496,HOME,0.7360151892542496,False
2025-12-25,2025,17,False,MINNESOTA VIKINGS,,,DETROIT LIONS,,,,U.S. Bank Stadium,False,,,,,,push,False,,0,,,,,,MIN,DET,2025-12-25,,2025,17.0,2025-12-25 00:00:00+00:00,,2025-12-25,1494.4589648265137,1494.4589648265137,1564.581067256348,1564.581067256348,-70.12210242983429,0.0009957722115997941,AWAY,0.9990042277884003,True
2025-12-26,2025,17,False,KANSAS CITY CHIEFS,,,DENVER BRONCOS,,,,GEHA Field at Arrowhead Stadium,False,,,,,,push,False,,0,,,,,,KC,DEN,2025-12-26,,2025,17.0,2025-12-26 00:00:00+00:00,,2025-12-25,1562.4206899885637,1562.4206899885637,1551.398580544742,1551.398580544742,11.022109443821819,0.7978643000541119,HOME,0.7978643000541119,False
2025-12-28,2025,17,False,CLEVELAND BROWNS,,,PITTSBURGH STEELERS,,,,Huntington Bank Field,False,,,,,,push,False,,0,,,,,,CLE,PIT,2025-12-28,,2025,17.0,2025-12-28 00:00:00+00:00,,2025-12-28,1443.387396405011,1443.387396405011,1503.9678999855946,1503.9678999855946,-60.58050358058358,0.0026332598030455105,AWAY,0.9973667401969545,True
2025-12-28,2025,17,False,INDIANAPOLIS COLTS,,,JACKSONVILLE JAGUARS,,,,Lucas Oil Stadium,False,,,,,,push,False,,0,,,,,,IND,JAX,2025-12-28,,2025,17.0,2025-12-28 00:00:00+00:00,,2025-12-28,1552.58186655004,1552.58186655004,1488.2450279685854,1488.2450279685854,64.33683858145469,0.9989049815477916,HOME,0.9989049815477916,False
2025-12-28,2025,17,False,MIAMI DOLPHINS,,,TAMPA BAY BUCCANEERS,,,,Hard Rock Stadium,False,,,,,,push,False,,0,,,,,,MIA,TB,2025-12-28,,2025,17.0,2025-12-28 00:00:00+00:00,,2025-12-28,1467.4078119989765,1467.4078119989765,1538.2044599454132,1538.2044599454132,-70.79664794643668,0.0009295685834324296,AWAY,0.9990704314165676,True
2025-12-28,2025,17,False,NEW YORK JETS,,,NEW ENGLAND PATRIOTS,,,,MetLife Stadium,False,,,,,,push,False,,0,,,,,,NYJ,NE,2025-12-28,,2025,17.0,2025-12-28 00:00:00+00:00,,2025-12-28,1419.3533111685767,1419.3533111685767,1526.8597093459307,1526.8597093459307,-107.50639817735396,2.193181225025825e-05,AWAY,0.9999780681877497,True
2025-12-28,2025,17,False,TENNESSEE TITANS,,,NEW ORLEANS SAINTS,,,,Nissan Stadium,False,,,,,,push,False,,0,,,,,,TEN,NO,2025-12-28,,2025,17.0,2025-12-28 00:00:00+00:00,,2025-12-28,1397.2035175707776,1397.2035175707776,1413.3329349242626,1413.3329349242626,-16.129417353484996,0.1979916407681779,AWAY,0.8020083592318221,True
2025-12-28,2025,17,False,BUFFALO BILLS,,,PHILADELPHIA EAGLES,,,,Highmark Stadium,False,,,,,,push,False,,0,,,,,,BUF,PHI,2025-12-28,,2025,17.0,2025-12-28 00:00:00+00:00,,2025-12-28,1549.637530706275,1549.637530706275,1578.0304205642897,1578.0304205642897,-28.39288985801477,0.06593544008620539,AWAY,0.9340645599137947,True
2025-12-29,2025,17,False,SAN FRANCISCO 49ERS,,,CHICAGO BEARS,,,,Levi's Stadium,False,,,,,,push,False,,0,,,,,,SF,CHI,2025-12-29,,2025,17.0,2025-12-29 00:00:00+00:00,,2025-12-28,1503.3878596525856,1503.3878596525856,1483.9053820600925,1483.9053820600925,19.48247759249307,0.9034985467444986,HOME,0.9034985467444986,False
2025-12-30,2025,17,False,CAROLINA PANTHERS,,,SEATTLE SEAHAWKS,,,,Bank of America Stadium,False,,,,,,push,False,,0,,,,,,CAR,SEA,2025-12-30,,2025,17.0,2025-12-30 00:00:00+00:00,,2025-12-28,1476.217037333052,1476.217037333052,1545.8576489852069,1545.8576489852069,-69.6406116521548,0.0010458901797045506,AWAY,0.9989541098202954,True
2025-12-30,2025,17,False,CINCINNATI BENGALS,,,ARIZONA CARDINALS,,,,Paycor Stadium,False,,,,,,push,False,,0,,,,,,CIN,ARI,2025-12-30,,2025,17.0,2025-12-30 00:00:00+00:00,,2025-12-28,1475.5703914811525,1475.5703914811525,1470.8413079831553,1470.8413079831553,4.7290834979971805,0.674924994018896,HOME,0.674924994018896,False
2025-12-30,2025,17,False,GREEN BAY PACKERS,,,BALTIMORE RAVENS,,,,Lambeau Field,False,,,,,,push,False,,0,,,,,,GB,BAL,2025-12-30,,2025,17.0,2025-12-30 00:00:00+00:00,,2025-12-28,1562.0330931715343,1562.0330931715343,1486.609391227162,1486.609391227162,75.4237019443724,0.9996466661952167,HOME,0.9996466661952167,False
2025-12-30,2025,17,False,LOS ANGELES CHARGERS,,,HOUSTON TEXANS,,,,SoFi Stadium,False,,,,,,push,False,,0,,,,,,LAC,HOU,2025-12-30,,2025,17.0,2025-12-30 00:00:00+00:00,,2025-12-28,1519.3671742076083,1519.3671742076083,1509.1642155837862,1509.1642155837862,10.202958623822042,0.7840409338066429,HOME,0.7840409338066429,False
2025-12-30,2025,17,False,LAS VEGAS RAIDERS,,,NEW YORK GIANTS,,,,Allegiant Stadium,False,,,,,,push,False,,0,,,,,,LV,NYG,2025-12-30,,2025,17.0,2025-12-30 00:00:00+00:00,,2025-12-28,1453.205492971343,1453.205492971343,1446.0721417164705,1446.0721417164705,7.133351254872423,0.7263131715431277,HOME,0.7263131715431277,False
2025-12-30,2025,17,False,ATLANTA FALCONS,,,LOS ANGELES RAMS,,,,Mercedes-Benz Stadium,False,,,,,,push,False,,0,,,,,,ATL,LAR,2025-12-30,,2025,17.0,2025-12-30 00:00:00+00:00,,2025-12-29,1480.215272936902,1480.215272936902,1550.0564975059167,1550.0564975059167,-69.84122456901468,0.0010247093822364937,AWAY,0.9989752906177635,True
2026-01-05,2025,18,False,ATLANTA FALCONS,,,NEW ORLEANS SAINTS,,,,Mercedes-Benz Stadium,False,,,,,,push,False,,0,,,,,,ATL,NO,2026-01-05,,2025,18.0,2026-01-05 00:00:00+00:00,,2026-01-04,1480.215272936902,1480.215272936902,1413.3329349242626,1413.3329349242626,66.88233801263937,0.9991553624241918,HOME,0.9991553624241918,False
2026-01-05,2025,18,False,BUFFALO BILLS,,,NEW YORK JETS,,,,Highmark Stadium,False,,,,,,push,False,,0,,,,,,BUF,NYJ,2026-01-05,,2025,18.0,2026-01-05 00:00:00+00:00,,2026-01-04,1549.637530706275,1549.637530706275,1419.3533111685767,1419.3533111685767,130.28421953769816,0.9999986938721155,HOME,0.9999986938721155,False
2026-01-05,2025,18,False,CHICAGO BEARS,,,DETROIT LIONS,,,,Soldier Field,False,,,,,,push,False,,0,,,,,,CHI,DET,2026-01-05,,2025,18.0,2026-01-05 00:00:00+00:00,,2026-01-04,1483.9053820600925,1483.9053820600925,1564.581067256348,1564.581067256348,-80.67568519625547,0.00033925854906531914,AWAY,0.9996607414509346,True
2026-01-05,2025,18,False,CINCINNATI BENGALS,,,CLEVELAND BROWNS,,,,Paycor Stadium,False,,,,,,push,False,,0,,,,,,CIN,CLE,2026-01-05,,2025,18.0,2026-01-05 00:00:00+00:00,,2026-01-04,1475.5703914811525,1475.5703914811525,1443.387396405011,1443.387396405011,32.182995076141424,0.9716208108737059,HOME,0.9716208108737059,False
2026-01-05,2025,18,False,DENVER BRONCOS,,,LOS ANGELES CHARGERS,,,,Empower Field at Mile High,False,,,,,,push,False,,0,,,,,,DEN,LAC,2026-01-05,,2025,18.0,2026-01-05 00:00:00+00:00,,2026-01-04,1551.398580544742,1551.398580544742,1519.3671742076083,1519.3671742076083,32.0314063371336,0.9711909591542991,HOME,0.9711909591542991,False
2026-01-05,2025,18,False,HOUSTON TEXANS,,,INDIANAPOLIS COLTS,,,,NRG Stadium,False,,,,,,push,False,,0,,,,,,HOU,IND,2026-01-05,,2025,18.0,2026-01-05 00:00:00+00:00,,2026-01-04,1509.1642155837862,1509.1642155837862,1552.58186655004,1552.58186655004,-43.41765096625386,0.0149977448077361,AWAY,0.9850022551922639,True
2026-01-05,2025,18,False,JACKSONVILLE JAGUARS,,,TENNESSEE TITANS,,,,EverBank Stadium,False,,,,,,push,False,,0,,,,,,JAX,TEN,2026-01-05,,2025,18.0,2026-01-05 00:00:00+00:00,,2026-01-04,1488.2450279685854,1488.2450279685854,1397.2035175707776,1397.2035175707776,91.04151039780777,0.9999282436621736,HOME,0.9999282436621736,False
2026-01-05,2025,18,False,LOS ANGELES RAMS,,,ARIZONA CARDINALS,,,,SoFi Stadium,False,,,,,,push,False,,0,,,,,,LAR,ARI,2026-01-05,,2025,18.0,2026-01-05 00:00:00+00:00,,2026-01-04,1550.0564975059167,1550.0564975059167,1470.8413079831553,1470.8413079831553,79.21518952276142,0.9997600442581046,HOME,0.9997600442581046,False
2026-01-05,2025,18,False,LAS VEGAS RAIDERS,,,KANSAS CITY CHIEFS,,,,Allegiant Stadium,False,,,,,,push,False,,0,,,,,,LV,KC,2026-01-05,,2025,18.0,2026-01-05 00:00:00+00:00,,2026-01-04,1453.205492971343,1453.205492971343,1562.4206899885637,1562.4206899885637,-109.21519701722082,1.8420990526076878e-05,AWAY,0.9999815790094739,True
2026-01-05,2025,18,False,MINNESOTA VIKINGS,,,GREEN BAY PACKERS,,,,U.S. Bank Stadium,False,,,,,,push,False,,0,,,,,,MIN,GB,2026-01-05,,2025,18.0,2026-01-05 00:00:00+00:00,,2026-01-04,1494.4589648265137,1494.4589648265137,1562.0330931715343,1562.0330931715343,-67.57412834502065,0.0012912226804451732,AWAY,0.9987087773195549,True
2026-01-05,2025,18,False,NEW ENGLAND PATRIOTS,,,MIAMI DOLPHINS,,,,Gillette Stadium,False,,,,,,push,False,,0,,,,,,NE,MIA,2026-01-05,,2025,18.0,2026-01-05 00:00:00+00:00,,2026-01-04,1526.8597093459307,1526.8597093459307,1467.4078119989765,1467.4078119989765,59.45189734695418,0.9981982362646186,HOME,0.9981982362646186,False
2026-01-05,2025,18,False,NEW YORK GIANTS,,,DALLAS COWBOYS,,,,MetLife Stadium,False,,,,,,push,False,,0,,,,,,NYG,DAL,2026-01-05,,2025,18.0,2026-01-05 00:00:00+00:00,,2026-01-04,1446.0721417164705,1446.0721417164705,1489.4435816304403,1489.4435816304403,-43.37143991396988,0.01506759785550799,AWAY,0.984932402144492,True
2026-01-05,2025,18,False,PHILADELPHIA EAGLES,,,WASHINGTON COMMANDERS,,,,Lincoln Financial Field,False,,,,,,push,False,,0,,,,,,PHI,WAS,2026-01-05,,2025,18.0,2026-01-05 00:00:00+00:00,,2026-01-04,1578.0304205642897,1578.0304205642897,1497.060452304688,1497.060452304688,80.96996825960173,0.9997993927787708,HOME,0.9997993927787708,False
2026-01-05,2025,18,False,PITTSBURGH STEELERS,,,BALTIMORE RAVENS,,,,Acrisure Stadium,False,,,,,,push,False,,0,,,,,,PIT,BAL,2026-01-05,,2025,18.0,2026-01-05 00:00:00+00:00,,2026-01-04,1503.9678999855946,1503.9678999855946,1486.609391227162,1486.609391227162,17.358508758432663,0.8828686948969375,HOME,0.8828686948969375,False
2026-01-05,2025,18,False,SAN FRANCISCO 49ERS,,,SEATTLE SEAHAWKS,,,,Levi's Stadium,False,,,,,,push,False,,0,,,,,,SF,SEA,2026-01-05,,2025,18.0,2026-01-05 00:00:00+00:00,,2026-01-04,1503.3878596525856,1503.3878596525856,1545.8576489852069,1545.8576489852069,-42.4697893326213,0.01649643285509217,AWAY,0.9835035671449078,True
2026-01-05,2025,18,False,TAMPA BAY BUCCANEERS,,,CAROLINA PANTHERS,,,,Raymond James Stadium,False,,,,,,push,False,,0,,,,,,TB,CAR,2026-01-05,,2025,18.0,2026-01-05 00:00:00+00:00,,2026-01-04,1538.2044599454132,1538.2044599454132,1476.217037333052,1476.217037333052,61.987422612361115,0.9986085786053702,HOME,0.9986085786053702,False
